"combination","validation","FOD_0","log","dist_thr","n_initial","n_removed","percent_removed","n_remaining","mtry","nodesize","ntree","RMSE","RMSE_sd","R2","R2_sd","MAE","MAE_sd"
1,"LOYO",FALSE,FALSE,0.25,191,25,13.0890052356021,166,4,1,100,1.33059847485552,0.559596862889392,-0.758443955186487,0.697325552558428,1.08354974366054,0.485481693270114
2,"LOYO",FALSE,FALSE,0.25,191,25,13.0890052356021,166,9,1,100,1.30705880828789,0.525059922837808,-0.688966791204202,0.608880965162862,1.04543585288515,0.497547883142472
3,"LOYO",FALSE,FALSE,0.25,191,25,13.0890052356021,166,4,3,100,1.34662898601551,0.589151634837638,-0.782876248080591,0.711548263868967,1.10165152766461,0.523892863924859
4,"LOYO",FALSE,FALSE,0.25,191,25,13.0890052356021,166,9,3,100,1.3507372497122,0.53432316269754,-0.798798030699409,0.62014640883297,1.06702967825605,0.503438225634907
5,"LOYO",FALSE,FALSE,0.25,191,25,13.0890052356021,166,4,5,100,1.32723036004213,0.558534661173444,-0.749423458256231,0.694078927178324,1.08406157435029,0.494825136721166
6,"LOYO",FALSE,FALSE,0.25,191,25,13.0890052356021,166,9,5,100,1.38295018370302,0.543806216917888,-0.85603702118505,0.550500864369852,1.09267529259168,0.507725715169451
7,"LOYO",FALSE,FALSE,0.25,191,25,13.0890052356021,166,4,10,100,1.27726464558056,0.561985593573801,-0.633922343800947,0.714846578658866,1.05146401425412,0.485321051196525
8,"LOYO",FALSE,FALSE,0.25,191,25,13.0890052356021,166,9,10,100,1.35816202783336,0.497583892648684,-0.805791931625936,0.501515937086592,1.06829518319851,0.475986220428623
9,"LOYO",FALSE,FALSE,0.25,191,25,13.0890052356021,166,4,1,300,1.3166149068999,0.553639806394697,-0.738625429694566,0.725540764091803,1.07274813989845,0.491767604389135
10,"LOYO",FALSE,FALSE,0.25,191,25,13.0890052356021,166,9,1,300,1.37205968326474,0.546606644953231,-0.844230774467134,0.612165359040273,1.08536766467063,0.517578880637243
11,"LOYO",FALSE,FALSE,0.25,191,25,13.0890052356021,166,4,3,300,1.30811431082671,0.554272671507107,-0.722871232521662,0.738984904887343,1.07086475295228,0.492208097525547
12,"LOYO",FALSE,FALSE,0.25,191,25,13.0890052356021,166,9,3,300,1.33951320926282,0.511561677580714,-0.759953293427441,0.544687610928337,1.05750979364921,0.484346081414425
13,"LOYO",FALSE,FALSE,0.25,191,25,13.0890052356021,166,4,5,300,1.31653501068667,0.558955353434023,-0.73077922416621,0.714818672906758,1.07070201487178,0.495738668691807
14,"LOYO",FALSE,FALSE,0.25,191,25,13.0890052356021,166,9,5,300,1.34562394107194,0.538344266838418,-0.777221250560541,0.603531835073628,1.06512319397803,0.501794753828701
15,"LOYO",FALSE,FALSE,0.25,191,25,13.0890052356021,166,4,10,300,1.31949734935666,0.531741734033928,-0.753257229779126,0.71235581556445,1.07584894155912,0.463753284929353
16,"LOYO",FALSE,FALSE,0.25,191,25,13.0890052356021,166,9,10,300,1.34764341250183,0.492974881725495,-0.79063836985713,0.539034355307319,1.06561403377807,0.466465552503849
17,"LOYO",FALSE,FALSE,0.25,191,25,13.0890052356021,166,4,1,500,1.32091663543109,0.559630556516451,-0.732599707699665,0.69337040918829,1.07477548772275,0.500064652306723
18,"LOYO",FALSE,FALSE,0.25,191,25,13.0890052356021,166,9,1,500,1.35879442809628,0.526814285023734,-0.811665530974753,0.579251493909234,1.07110781906253,0.49114306454349
19,"LOYO",FALSE,FALSE,0.25,191,25,13.0890052356021,166,4,3,500,1.32739516982796,0.555358227713336,-0.752384770265454,0.695182367306225,1.07750418391444,0.493142799254823
20,"LOYO",FALSE,FALSE,0.25,191,25,13.0890052356021,166,9,3,500,1.37179554415904,0.528901671664168,-0.829844396850032,0.528525632045117,1.08246818752274,0.49340871740606
21,"LOYO",FALSE,FALSE,0.25,191,25,13.0890052356021,166,4,5,500,1.32577812265974,0.536820215818451,-0.750407679883278,0.669579386933368,1.06846725668003,0.483615703134563
22,"LOYO",FALSE,FALSE,0.25,191,25,13.0890052356021,166,9,5,500,1.34845333962859,0.523626378140321,-0.800098109706839,0.622075507376845,1.06568351305177,0.49567176839543
23,"LOYO",FALSE,FALSE,0.25,191,25,13.0890052356021,166,4,10,500,1.31131349019317,0.532322454286599,-0.729855291947822,0.704574176549254,1.06784883199039,0.466987725008679
24,"LOYO",FALSE,FALSE,0.25,191,25,13.0890052356021,166,9,10,500,1.35028282263904,0.503540422787659,-0.79779522113759,0.560753603911574,1.0674139898527,0.475423720131537
25,"RS",FALSE,FALSE,0.25,191,25,13.0890052356021,166,4,1,100,0.598507994459308,0.0670579819941407,0.603252968340056,0.0749008089235462,0.4704761644543,0.0612473399362274
26,"RS",FALSE,FALSE,0.25,191,25,13.0890052356021,166,9,1,100,0.580248092984369,0.056981517118473,0.62480476230153,0.0805008029931943,0.447430867865036,0.0506690294183694
27,"RS",FALSE,FALSE,0.25,191,25,13.0890052356021,166,4,3,100,0.606560934405936,0.0663740044582267,0.594024810942233,0.0682757314124557,0.481440552520165,0.0629547283420808
28,"RS",FALSE,FALSE,0.25,191,25,13.0890052356021,166,9,3,100,0.579894943877152,0.0673172123231348,0.625905626804555,0.0817322898735562,0.448938271081936,0.064826563772312
29,"RS",FALSE,FALSE,0.25,191,25,13.0890052356021,166,4,5,100,0.600151780575231,0.0652134482868345,0.602911845226178,0.0632085679123881,0.470483709388709,0.0610938684153497
30,"RS",FALSE,FALSE,0.25,191,25,13.0890052356021,166,9,5,100,0.582147312370109,0.0600866308175411,0.621511250563827,0.0868220804217339,0.451759607666515,0.0490613695620488
31,"RS",FALSE,FALSE,0.25,191,25,13.0890052356021,166,4,10,100,0.620294118278135,0.0558211679556656,0.573953966495078,0.0686527650357209,0.490267015794363,0.059115777229186
32,"RS",FALSE,FALSE,0.25,191,25,13.0890052356021,166,9,10,100,0.582835508592688,0.0606208084169906,0.621636629069739,0.0793802943453951,0.45646503034776,0.0494168329982452
33,"RS",FALSE,FALSE,0.25,191,25,13.0890052356021,166,4,1,300,0.603566144987691,0.0628727463774946,0.59736068685013,0.0660780150258804,0.474779446052102,0.0577138079799262
34,"RS",FALSE,FALSE,0.25,191,25,13.0890052356021,166,9,1,300,0.57523641593212,0.0612487840301739,0.632300699358794,0.0755402456088732,0.445986765701154,0.056059084447399
35,"RS",FALSE,FALSE,0.25,191,25,13.0890052356021,166,4,3,300,0.602538579261522,0.0636369024429215,0.599185115623668,0.0656321671832284,0.476163906357973,0.0601193182557927
36,"RS",FALSE,FALSE,0.25,191,25,13.0890052356021,166,9,3,300,0.57623381187464,0.064196089075671,0.630926956484956,0.0764826295800724,0.447139895120289,0.0578914465617428
37,"RS",FALSE,FALSE,0.25,191,25,13.0890052356021,166,4,5,300,0.601904812635707,0.0594359544702076,0.599839526992659,0.0627972007246685,0.474694053419281,0.0550603711210586
38,"RS",FALSE,FALSE,0.25,191,25,13.0890052356021,166,9,5,300,0.575652457068051,0.0636710322286557,0.630792497464767,0.0819174990372751,0.449957773965469,0.0559317155255564
39,"RS",FALSE,FALSE,0.25,191,25,13.0890052356021,166,4,10,300,0.611072509317591,0.0573907541808891,0.587139328345324,0.0645913562913426,0.48806338875489,0.0569096793056388
40,"RS",FALSE,FALSE,0.25,191,25,13.0890052356021,166,9,10,300,0.579931200387011,0.0586996871523205,0.625152738346133,0.0800742977318707,0.45404418069717,0.0512841312026613
41,"RS",FALSE,FALSE,0.25,191,25,13.0890052356021,166,4,1,500,0.599624808043131,0.0625338422154424,0.602950357626571,0.0629362023504986,0.470121304962073,0.0574057378801308
42,"RS",FALSE,FALSE,0.25,191,25,13.0890052356021,166,9,1,500,0.57536791264837,0.0619350615672187,0.632049161906214,0.07626680508703,0.446944061523403,0.056588397272373
43,"RS",FALSE,FALSE,0.25,191,25,13.0890052356021,166,4,3,500,0.60210421542063,0.062162186120937,0.599108603445232,0.067872354661142,0.474565434046817,0.0580074597146322
44,"RS",FALSE,FALSE,0.25,191,25,13.0890052356021,166,9,3,500,0.573851241317132,0.0661350750069732,0.633803074643726,0.0778783793685443,0.445782236747051,0.060433701275988
45,"RS",FALSE,FALSE,0.25,191,25,13.0890052356021,166,4,5,500,0.600780285934467,0.0598228434104012,0.601532464590643,0.0611922728761285,0.474658174115228,0.0541510076282853
46,"RS",FALSE,FALSE,0.25,191,25,13.0890052356021,166,9,5,500,0.573219965097949,0.0627768326671269,0.634018276755665,0.0805147221746757,0.448044833973789,0.0556647562987248
47,"RS",FALSE,FALSE,0.25,191,25,13.0890052356021,166,4,10,500,0.609309975461012,0.0590985929538,0.589667921558422,0.0645817738573269,0.487152493867378,0.0551606603460979
48,"RS",FALSE,FALSE,0.25,191,25,13.0890052356021,166,9,10,500,0.578346445824457,0.0585454168965464,0.628116878920536,0.0747456948234334,0.453167146969339,0.0521677376613988
49,"LOYO",FALSE,FALSE,0.5,191,56,29.3193717277487,135,4,1,100,1.31676652947997,0.572966789500255,-0.777891157689608,0.876821219457877,1.09650167823327,0.518339485091285
50,"LOYO",FALSE,FALSE,0.5,191,56,29.3193717277487,135,9,1,100,1.37762661150409,0.567997838769402,-0.909005701110253,0.836859573812735,1.09542644229688,0.560620448893206
51,"LOYO",FALSE,FALSE,0.5,191,56,29.3193717277487,135,4,3,100,1.3056365450453,0.595497980841161,-0.764165300395656,0.927021954493965,1.08707289595816,0.527207928708127
52,"LOYO",FALSE,FALSE,0.5,191,56,29.3193717277487,135,9,3,100,1.35894922253471,0.565274337919548,-0.86465541082428,0.837367459861219,1.07849870902703,0.554339435748684
53,"LOYO",FALSE,FALSE,0.5,191,56,29.3193717277487,135,4,5,100,1.30753262931087,0.558032489843943,-0.776951917186291,0.899987834636301,1.06400405850833,0.503166503418978
54,"LOYO",FALSE,FALSE,0.5,191,56,29.3193717277487,135,9,5,100,1.35623286850156,0.514704151419798,-0.81574402775866,0.652711244790759,1.06952474886154,0.496037010345993
55,"LOYO",FALSE,FALSE,0.5,191,56,29.3193717277487,135,4,10,100,1.28489590766146,0.587974931592637,-0.73387028349192,0.945832194555932,1.06968304039322,0.52537353794115
56,"LOYO",FALSE,FALSE,0.5,191,56,29.3193717277487,135,9,10,100,1.3612623335443,0.508678346640299,-0.893958720412847,0.818899088220065,1.07659591382274,0.500787561011766
57,"LOYO",FALSE,FALSE,0.5,191,56,29.3193717277487,135,4,1,300,1.31984832652588,0.616796691464183,-0.78014398078523,0.927703684315211,1.09439303770411,0.551364221505776
58,"LOYO",FALSE,FALSE,0.5,191,56,29.3193717277487,135,9,1,300,1.35769727698256,0.552128751238885,-0.829717836526215,0.744450140029051,1.07431209613001,0.528328013350494
59,"LOYO",FALSE,FALSE,0.5,191,56,29.3193717277487,135,4,3,300,1.29324302954945,0.573412362986352,-0.734482065269779,0.896726140490903,1.07367680384319,0.5117469640947
60,"LOYO",FALSE,FALSE,0.5,191,56,29.3193717277487,135,9,3,300,1.37900916583517,0.58053449962671,-0.89018795295209,0.808388109258292,1.09445286896989,0.564551149999623
61,"LOYO",FALSE,FALSE,0.5,191,56,29.3193717277487,135,4,5,300,1.29550904664495,0.572867377134608,-0.734015462618307,0.885479865125796,1.07407470074642,0.510239797113626
62,"LOYO",FALSE,FALSE,0.5,191,56,29.3193717277487,135,9,5,300,1.35858501114023,0.566509630553956,-0.833987048845737,0.773876562197955,1.07682313560723,0.54594083608071
63,"LOYO",FALSE,FALSE,0.5,191,56,29.3193717277487,135,4,10,300,1.31958782391624,0.572891482025533,-0.783994254400977,0.875875914262645,1.09354554441673,0.512846097678679
64,"LOYO",FALSE,FALSE,0.5,191,56,29.3193717277487,135,9,10,300,1.31948444457666,0.538878663999725,-0.759906128790617,0.779762925831507,1.05279847815567,0.516558839603331
65,"LOYO",FALSE,FALSE,0.5,191,56,29.3193717277487,135,4,1,500,1.31851466279451,0.576104874738543,-0.797264649159089,0.911021632076088,1.08776374179431,0.516711988869999
66,"LOYO",FALSE,FALSE,0.5,191,56,29.3193717277487,135,9,1,500,1.34916359469072,0.528468437497083,-0.814513328745887,0.720467871551069,1.06645863523334,0.510529823557971
67,"LOYO",FALSE,FALSE,0.5,191,56,29.3193717277487,135,4,3,500,1.31727646505765,0.578450789800884,-0.774988694681487,0.875968271063568,1.08307525224601,0.517071313054067
68,"LOYO",FALSE,FALSE,0.5,191,56,29.3193717277487,135,9,3,500,1.35882872366753,0.546836632511331,-0.841770501900802,0.757363821014862,1.07214321671693,0.532001903375772
69,"LOYO",FALSE,FALSE,0.5,191,56,29.3193717277487,135,4,5,500,1.31604748177454,0.548420407639191,-0.773784584054956,0.840869080809027,1.07631398940488,0.508013051855589
70,"LOYO",FALSE,FALSE,0.5,191,56,29.3193717277487,135,9,5,500,1.32777122165643,0.528976696170586,-0.77012709644338,0.742632195711418,1.04756920397254,0.510449454611309
71,"LOYO",FALSE,FALSE,0.5,191,56,29.3193717277487,135,4,10,500,1.29651594603083,0.548111977617404,-0.756198244178472,0.89824948143952,1.06693948560472,0.502041794770212
72,"LOYO",FALSE,FALSE,0.5,191,56,29.3193717277487,135,9,10,500,1.33710806583603,0.537019667455604,-0.78534268670709,0.736359173588757,1.06130732074164,0.517934486327177
73,"RS",FALSE,FALSE,0.5,191,56,29.3193717277487,135,4,1,100,0.657188602355764,0.105639062517971,0.521611176053905,0.108017230645045,0.499418829631404,0.0763711614856434
74,"RS",FALSE,FALSE,0.5,191,56,29.3193717277487,135,9,1,100,0.622615109450985,0.0890499971213866,0.573731443963674,0.0681947194348144,0.475273512115109,0.0768310313460981
75,"RS",FALSE,FALSE,0.5,191,56,29.3193717277487,135,4,3,100,0.651340461283375,0.0891621934868092,0.528344707371721,0.0990186097891064,0.495175218675912,0.0616469299823034
76,"RS",FALSE,FALSE,0.5,191,56,29.3193717277487,135,9,3,100,0.621185681332436,0.089713569717091,0.574480105061522,0.0782397055084794,0.469020074564936,0.0759562619781122
77,"RS",FALSE,FALSE,0.5,191,56,29.3193717277487,135,4,5,100,0.651275893854935,0.104797514068944,0.529626331094032,0.108053454329651,0.502143610353221,0.0783066412528671
78,"RS",FALSE,FALSE,0.5,191,56,29.3193717277487,135,9,5,100,0.635048434624568,0.0774125722175851,0.554722558638299,0.0678324081775519,0.483042382670387,0.0646391974738014
79,"RS",FALSE,FALSE,0.5,191,56,29.3193717277487,135,4,10,100,0.669213125226139,0.0917895516419101,0.506072857012113,0.0823541125118023,0.51068403592437,0.069636102991368
80,"RS",FALSE,FALSE,0.5,191,56,29.3193717277487,135,9,10,100,0.634794604994875,0.081885843741127,0.555978344330446,0.0650440250781969,0.476680361540306,0.0686160150145638
81,"RS",FALSE,FALSE,0.5,191,56,29.3193717277487,135,4,1,300,0.6506280668998,0.0992066500263456,0.530936160664729,0.101148159662895,0.495271975298152,0.0711167721824147
82,"RS",FALSE,FALSE,0.5,191,56,29.3193717277487,135,9,1,300,0.618658959565254,0.084670140344095,0.579216171626188,0.0609322096699457,0.469603434713224,0.0722557376698817
83,"RS",FALSE,FALSE,0.5,191,56,29.3193717277487,135,4,3,300,0.650957442356267,0.0951390129023925,0.529599877579075,0.101025779264376,0.496185162541534,0.0684426804469612
84,"RS",FALSE,FALSE,0.5,191,56,29.3193717277487,135,9,3,300,0.621115972296973,0.0910109738506662,0.574380896710294,0.0790932905626398,0.468833307025074,0.0742023039843147
85,"RS",FALSE,FALSE,0.5,191,56,29.3193717277487,135,4,5,300,0.659111521987111,0.0981902655351535,0.519385525829754,0.0970728055186131,0.504654357596653,0.073762051371856
86,"RS",FALSE,FALSE,0.5,191,56,29.3193717277487,135,9,5,300,0.625161391998686,0.0827914979282069,0.567738350022096,0.0774658625565808,0.475239619479834,0.0713673126396995
87,"RS",FALSE,FALSE,0.5,191,56,29.3193717277487,135,4,10,300,0.669198822131144,0.0918026741880178,0.503813589039693,0.0964771510307467,0.511615310733881,0.0685467568749002
88,"RS",FALSE,FALSE,0.5,191,56,29.3193717277487,135,9,10,300,0.633218759937028,0.0823611158447638,0.558506691968908,0.0633891027487136,0.475971218367859,0.0706543150361924
89,"RS",FALSE,FALSE,0.5,191,56,29.3193717277487,135,4,1,500,0.650343993336174,0.0959164992713837,0.531029826726883,0.100194878024963,0.496127417681381,0.0687940608651571
90,"RS",FALSE,FALSE,0.5,191,56,29.3193717277487,135,9,1,500,0.616040605501137,0.0819913283060941,0.582381829221616,0.0604052037053719,0.467429582645486,0.068541782374877
91,"RS",FALSE,FALSE,0.5,191,56,29.3193717277487,135,4,3,500,0.652054948684344,0.0982376468643761,0.528743084333403,0.100358310277614,0.497244256976841,0.0717087743329166
92,"RS",FALSE,FALSE,0.5,191,56,29.3193717277487,135,9,3,500,0.618567940636869,0.0868765379016937,0.578145065119256,0.0724853349876833,0.46624814125787,0.0722704193278211
93,"RS",FALSE,FALSE,0.5,191,56,29.3193717277487,135,4,5,500,0.657546525029462,0.098533422251748,0.521525771469613,0.097657627583872,0.503552724056989,0.0741378339025596
94,"RS",FALSE,FALSE,0.5,191,56,29.3193717277487,135,9,5,500,0.623723689301156,0.0847873453540566,0.570300990323507,0.0758077800354174,0.473024205315086,0.0725042976084224
95,"RS",FALSE,FALSE,0.5,191,56,29.3193717277487,135,4,10,500,0.667373844733555,0.0945337901763451,0.506783818165791,0.097007328715402,0.510788775881461,0.0708874089776802
96,"RS",FALSE,FALSE,0.5,191,56,29.3193717277487,135,9,10,500,0.633875140835616,0.0826303156053891,0.557362935807822,0.0655452384533652,0.477402702678003,0.0697451305680354
97,"LOYO",FALSE,FALSE,0.75,191,77,40.3141361256544,114,4,1,100,1.30953321435069,0.630972953279176,-0.692077680736401,0.716722332866473,1.08561958739172,0.553667976012341
98,"LOYO",FALSE,FALSE,0.75,191,77,40.3141361256544,114,9,1,100,1.33495170491805,0.652795145602714,-0.734019424750919,0.71734287859316,1.06964503897887,0.605052756886809
99,"LOYO",FALSE,FALSE,0.75,191,77,40.3141361256544,114,4,3,100,1.28717777734191,0.617695673863544,-0.715471202650353,0.852138835964728,1.07073314593524,0.542802080154165
100,"LOYO",FALSE,FALSE,0.75,191,77,40.3141361256544,114,9,3,100,1.35477466674528,0.665119073726404,-0.812923893779563,0.796053503026418,1.10622662893077,0.61757112392607
101,"LOYO",FALSE,FALSE,0.75,191,77,40.3141361256544,114,4,5,100,1.29690656258125,0.653735603379531,-0.676974496897389,0.790127292234377,1.07734072225707,0.578931476420838
102,"LOYO",FALSE,FALSE,0.75,191,77,40.3141361256544,114,9,5,100,1.31571795799893,0.653991541606618,-0.741184690290832,0.824389110015309,1.06633079553389,0.607618243519944
103,"LOYO",FALSE,FALSE,0.75,191,77,40.3141361256544,114,4,10,100,1.29473966594449,0.609430722382337,-0.715339351325892,0.803491862660849,1.07371048371104,0.52931654777709
104,"LOYO",FALSE,FALSE,0.75,191,77,40.3141361256544,114,9,10,100,1.29210857612381,0.602944930788243,-0.652126552259265,0.669765881701028,1.02881865516958,0.552285800409441
105,"LOYO",FALSE,FALSE,0.75,191,77,40.3141361256544,114,4,1,300,1.30002271193907,0.617600335453339,-0.708979221447811,0.775640009872935,1.07804862703469,0.539646175903241
106,"LOYO",FALSE,FALSE,0.75,191,77,40.3141361256544,114,9,1,300,1.33534515026898,0.638068402423397,-0.747087871753345,0.708950484988068,1.06703143679268,0.5965782531198
107,"LOYO",FALSE,FALSE,0.75,191,77,40.3141361256544,114,4,3,300,1.2976659600624,0.649684242124507,-0.677057397490331,0.779605831234301,1.07227676426023,0.569574718646303
108,"LOYO",FALSE,FALSE,0.75,191,77,40.3141361256544,114,9,3,300,1.33176256167629,0.609639126502555,-0.756336238455148,0.690961946314738,1.0519648659086,0.567784880298974
109,"LOYO",FALSE,FALSE,0.75,191,77,40.3141361256544,114,4,5,300,1.30069667275949,0.639841994476549,-0.692828554884771,0.777522334266385,1.08464058551546,0.550827578173609
110,"LOYO",FALSE,FALSE,0.75,191,77,40.3141361256544,114,9,5,300,1.33333528152804,0.647072565700017,-0.757798627703699,0.759558775830715,1.06824339562884,0.595609346852257
111,"LOYO",FALSE,FALSE,0.75,191,77,40.3141361256544,114,4,10,300,1.31910543059638,0.621096708776653,-0.767275447908423,0.806095189078095,1.08271317372503,0.549299989409759
112,"LOYO",FALSE,FALSE,0.75,191,77,40.3141361256544,114,9,10,300,1.30701166861399,0.594904106510416,-0.724952206791091,0.736675512189933,1.04446610914485,0.548990892948198
113,"LOYO",FALSE,FALSE,0.75,191,77,40.3141361256544,114,4,1,500,1.30378871918371,0.634646944222664,-0.701336545909194,0.770246162507835,1.07275824995402,0.562045176077238
114,"LOYO",FALSE,FALSE,0.75,191,77,40.3141361256544,114,9,1,500,1.33866717200955,0.619424416681091,-0.746955757424063,0.648460093664086,1.05768096078794,0.576030298445371
115,"LOYO",FALSE,FALSE,0.75,191,77,40.3141361256544,114,4,3,500,1.30780514549562,0.636172441632886,-0.715048922699718,0.780554269271193,1.07599987058511,0.562562895627919
116,"LOYO",FALSE,FALSE,0.75,191,77,40.3141361256544,114,9,3,500,1.324575811498,0.619792462907219,-0.73623981203991,0.707284724499878,1.06136745976097,0.574551570270498
117,"LOYO",FALSE,FALSE,0.75,191,77,40.3141361256544,114,4,5,500,1.32875243112459,0.628158372541428,-0.765728589327021,0.763716263857407,1.08832720585862,0.557472223116522
118,"LOYO",FALSE,FALSE,0.75,191,77,40.3141361256544,114,9,5,500,1.33448174234999,0.603199103193329,-0.740543138199621,0.622677098165699,1.05960064369043,0.555409290409692
119,"LOYO",FALSE,FALSE,0.75,191,77,40.3141361256544,114,4,10,500,1.29297009667879,0.620523606051338,-0.686075769296611,0.768260161835853,1.07351843841172,0.537719144920404
120,"LOYO",FALSE,FALSE,0.75,191,77,40.3141361256544,114,9,10,500,1.32702679438887,0.609700430954542,-0.756225191333762,0.718796076424736,1.06248638412501,0.571366334778614
121,"RS",FALSE,FALSE,0.75,191,77,40.3141361256544,114,4,1,100,0.675157123254494,0.109762408025588,0.451311356077466,0.140306765165555,0.544679117324067,0.104343384903154
122,"RS",FALSE,FALSE,0.75,191,77,40.3141361256544,114,9,1,100,0.644362485080925,0.101192339149137,0.490359060219197,0.154855399183893,0.511981808181994,0.0955457314263925
123,"RS",FALSE,FALSE,0.75,191,77,40.3141361256544,114,4,3,100,0.698725493298558,0.107034671145745,0.40897390647349,0.154469768788063,0.561948430122349,0.103124299981239
124,"RS",FALSE,FALSE,0.75,191,77,40.3141361256544,114,9,3,100,0.647030378451136,0.101877265556442,0.489533263217128,0.150579895171189,0.520409329385069,0.0953405009081477
125,"RS",FALSE,FALSE,0.75,191,77,40.3141361256544,114,4,5,100,0.70440241645593,0.106691146166073,0.398384032022991,0.163508635577417,0.570787092506219,0.104679884660837
126,"RS",FALSE,FALSE,0.75,191,77,40.3141361256544,114,9,5,100,0.650644893694393,0.105650938614804,0.483881780282707,0.150895420778063,0.52229519748826,0.0928070240637614
127,"RS",FALSE,FALSE,0.75,191,77,40.3141361256544,114,4,10,100,0.706062872811356,0.115415611916615,0.399979807997513,0.153493291479937,0.574239003380034,0.112329214620045
128,"RS",FALSE,FALSE,0.75,191,77,40.3141361256544,114,9,10,100,0.655411901521015,0.110249248343836,0.474085090387395,0.162450097337486,0.530074171519867,0.099504719147867
129,"RS",FALSE,FALSE,0.75,191,77,40.3141361256544,114,4,1,300,0.680373105354893,0.10736534535239,0.440981945677882,0.147515520065585,0.545674381259403,0.105250980588594
130,"RS",FALSE,FALSE,0.75,191,77,40.3141361256544,114,9,1,300,0.635654347982225,0.100237827070059,0.506325551551954,0.143632948833089,0.508067618482758,0.0947393676954765
131,"RS",FALSE,FALSE,0.75,191,77,40.3141361256544,114,4,3,300,0.688564353791113,0.104837485469026,0.427902726373315,0.145291724826044,0.556398366763579,0.102436211019404
132,"RS",FALSE,FALSE,0.75,191,77,40.3141361256544,114,9,3,300,0.643207025954472,0.100228766235216,0.497131651280087,0.14094462144576,0.516172842250706,0.0923437312379368
133,"RS",FALSE,FALSE,0.75,191,77,40.3141361256544,114,4,5,300,0.691113401840611,0.105816892820019,0.422788132643873,0.151409590836285,0.558496432309559,0.104333728050878
134,"RS",FALSE,FALSE,0.75,191,77,40.3141361256544,114,9,5,300,0.645603924017074,0.102081914578911,0.493423244295644,0.14131872880728,0.518929990933431,0.0928840059263891
135,"RS",FALSE,FALSE,0.75,191,77,40.3141361256544,114,4,10,300,0.702119874310319,0.109185580443099,0.406097233571952,0.152174191921076,0.568611606734647,0.106242896872018
136,"RS",FALSE,FALSE,0.75,191,77,40.3141361256544,114,9,10,300,0.656172233731704,0.108695659094984,0.475186949325091,0.156653993065389,0.529214541441624,0.100831779717798
137,"RS",FALSE,FALSE,0.75,191,77,40.3141361256544,114,4,1,500,0.678114086247794,0.106262168393496,0.445439429812279,0.144053641600621,0.544751243421436,0.103758594233774
138,"RS",FALSE,FALSE,0.75,191,77,40.3141361256544,114,9,1,500,0.639923960971468,0.0980534650299414,0.500489030784862,0.141163120360413,0.511882863929996,0.0919266832706891
139,"RS",FALSE,FALSE,0.75,191,77,40.3141361256544,114,4,3,500,0.685978970407533,0.102685628163363,0.432182950217723,0.142670359818019,0.5536333614088,0.10194386806703
140,"RS",FALSE,FALSE,0.75,191,77,40.3141361256544,114,9,3,500,0.641910654998353,0.0979919892587143,0.499286224419899,0.136799075560767,0.514807101157623,0.0910023166702897
141,"RS",FALSE,FALSE,0.75,191,77,40.3141361256544,114,4,5,500,0.684944219145422,0.107083854214571,0.433412757406864,0.150043463542748,0.553945681604339,0.104886828776135
142,"RS",FALSE,FALSE,0.75,191,77,40.3141361256544,114,9,5,500,0.647209710074312,0.101351027222145,0.489634509010743,0.145216864420815,0.520358951644956,0.093319576404004
143,"RS",FALSE,FALSE,0.75,191,77,40.3141361256544,114,4,10,500,0.698531187238231,0.11290216781542,0.411373326461251,0.157710932444452,0.566737249049712,0.108807598456937
144,"RS",FALSE,FALSE,0.75,191,77,40.3141361256544,114,9,10,500,0.655364556087843,0.107844785827013,0.47647320437389,0.155576228762405,0.528832885819946,0.0978741220835313
145,"LOYO",FALSE,FALSE,1,191,93,48.6910994764398,98,4,1,100,1.28147630955,0.753463189257974,-0.688047668246905,0.86824832466177,1.04555358938063,0.653272970875978
146,"LOYO",FALSE,FALSE,1,191,93,48.6910994764398,98,9,1,100,1.26837429453044,0.781310228242899,-0.625857270003485,0.878110958711874,1.01234067470634,0.709271734140706
147,"LOYO",FALSE,FALSE,1,191,93,48.6910994764398,98,4,3,100,1.27737535517655,0.769042671259093,-0.680105071660797,0.900144508598989,1.05758080589394,0.670782044842679
148,"LOYO",FALSE,FALSE,1,191,93,48.6910994764398,98,9,3,100,1.28567865456513,0.753988906035604,-0.663370092403997,0.813221771144728,1.02521358407243,0.683457331367596
149,"LOYO",FALSE,FALSE,1,191,93,48.6910994764398,98,4,5,100,1.31363196396552,0.727842029296816,-0.775702071873012,0.830748959998794,1.08412123721346,0.614600231616728
150,"LOYO",FALSE,FALSE,1,191,93,48.6910994764398,98,9,5,100,1.33851093730865,0.759073826323232,-0.829339419540985,0.870574317915275,1.0737549896099,0.688812259407958
151,"LOYO",FALSE,FALSE,1,191,93,48.6910994764398,98,4,10,100,1.3103987766044,0.72905907344388,-0.816824264634522,0.931139686195199,1.0944788921088,0.611672568923402
152,"LOYO",FALSE,FALSE,1,191,93,48.6910994764398,98,9,10,100,1.3042801617827,0.788232830278793,-0.727189627954406,0.908338902757614,1.04167096422092,0.708838583130826
153,"LOYO",FALSE,FALSE,1,191,93,48.6910994764398,98,4,1,300,1.31874922235989,0.740024180108493,-0.788215560849068,0.852681651898192,1.08609562893307,0.643361914541923
154,"LOYO",FALSE,FALSE,1,191,93,48.6910994764398,98,9,1,300,1.28758996705853,0.753401821601516,-0.670442443904253,0.815318369205341,1.02511897925772,0.679917606399025
155,"LOYO",FALSE,FALSE,1,191,93,48.6910994764398,98,4,3,300,1.30092964154028,0.745329863495762,-0.740004304793291,0.858450838015136,1.07883846374818,0.641946424771788
156,"LOYO",FALSE,FALSE,1,191,93,48.6910994764398,98,9,3,300,1.30271283580086,0.757058726356846,-0.700605313839315,0.808686107211429,1.03622359303001,0.687510742002857
157,"LOYO",FALSE,FALSE,1,191,93,48.6910994764398,98,4,5,300,1.28275638693971,0.734662850691136,-0.671169149059968,0.798131207954242,1.05419396175287,0.631902484817059
158,"LOYO",FALSE,FALSE,1,191,93,48.6910994764398,98,9,5,300,1.30655710312801,0.751138017838562,-0.729774664354231,0.827113922769405,1.03998344224719,0.692695429176922
159,"LOYO",FALSE,FALSE,1,191,93,48.6910994764398,98,4,10,300,1.33034832412196,0.73451906504443,-0.822540674515887,0.849688279849531,1.11773677736881,0.625707133855067
160,"LOYO",FALSE,FALSE,1,191,93,48.6910994764398,98,9,10,300,1.30788015838115,0.761974775037633,-0.733371253707803,0.849941487427987,1.04370320219281,0.68562574922123
161,"LOYO",FALSE,FALSE,1,191,93,48.6910994764398,98,4,1,500,1.31257059569839,0.738043682223941,-0.757676517738164,0.821755784606122,1.07509514254605,0.644061413514776
162,"LOYO",FALSE,FALSE,1,191,93,48.6910994764398,98,9,1,500,1.28991395578641,0.7486375419565,-0.67764005410368,0.807144864885705,1.02872341458326,0.675419930597818
163,"LOYO",FALSE,FALSE,1,191,93,48.6910994764398,98,4,3,500,1.29863531699655,0.748289784492606,-0.719674820501374,0.838979753754745,1.07448469602815,0.637918533367957
164,"LOYO",FALSE,FALSE,1,191,93,48.6910994764398,98,9,3,500,1.2957113289668,0.766021603029117,-0.677354897006845,0.821252907320892,1.03310028009777,0.698371240402136
165,"LOYO",FALSE,FALSE,1,191,93,48.6910994764398,98,4,5,500,1.29801010051567,0.750086930130991,-0.730995329718008,0.864634452995988,1.07490182857014,0.64691536352194
166,"LOYO",FALSE,FALSE,1,191,93,48.6910994764398,98,9,5,500,1.30280683671326,0.754237960791107,-0.720956574366754,0.835119231498337,1.03944509303294,0.68600061386504
167,"LOYO",FALSE,FALSE,1,191,93,48.6910994764398,98,4,10,500,1.32015249339722,0.725865753096979,-0.806916121927954,0.855577772621795,1.09628114517881,0.622468064482573
168,"LOYO",FALSE,FALSE,1,191,93,48.6910994764398,98,9,10,500,1.29735911930291,0.750724051411299,-0.707260448105907,0.828514045420879,1.04043189391333,0.677512057179957
169,"RS",FALSE,FALSE,1,191,93,48.6910994764398,98,4,1,100,0.784054525371057,0.151753636511549,0.377247216784386,0.124245600193949,0.61512543476768,0.116602653335782
170,"RS",FALSE,FALSE,1,191,93,48.6910994764398,98,9,1,100,0.758793793490906,0.141513303228973,0.415200131152826,0.116781247354571,0.591224183457513,0.110777423842256
171,"RS",FALSE,FALSE,1,191,93,48.6910994764398,98,4,3,100,0.784638301284528,0.155804505063406,0.381353589008222,0.0983387090036212,0.61208235364698,0.123986217800269
172,"RS",FALSE,FALSE,1,191,93,48.6910994764398,98,9,3,100,0.769287162797026,0.152345445752179,0.401570695254523,0.111196397086204,0.602020322162472,0.117944237421548
173,"RS",FALSE,FALSE,1,191,93,48.6910994764398,98,4,5,100,0.778907894502742,0.152031749503038,0.38675375934766,0.111138267532143,0.60939157683243,0.121754334353586
174,"RS",FALSE,FALSE,1,191,93,48.6910994764398,98,9,5,100,0.763190856158468,0.152725111341327,0.411089761709418,0.114029801473819,0.595941089346348,0.118152698733198
175,"RS",FALSE,FALSE,1,191,93,48.6910994764398,98,4,10,100,0.789836020249627,0.146919274317819,0.369089635485355,0.113275665382492,0.622298463738141,0.115832502301627
176,"RS",FALSE,FALSE,1,191,93,48.6910994764398,98,9,10,100,0.783043682209805,0.153950852936273,0.379302940269402,0.117580972850688,0.608567575704171,0.114577542407252
177,"RS",FALSE,FALSE,1,191,93,48.6910994764398,98,4,1,300,0.777453693795553,0.146253247181655,0.38738636529175,0.117517007528372,0.612315238018128,0.115928320301496
178,"RS",FALSE,FALSE,1,191,93,48.6910994764398,98,9,1,300,0.756091318677689,0.145407234327112,0.420521984409547,0.114154269062498,0.591247597234477,0.111684777855141
179,"RS",FALSE,FALSE,1,191,93,48.6910994764398,98,4,3,300,0.781251416863135,0.155314856173599,0.385311505662796,0.107848788751194,0.613043966142774,0.123590115765176
180,"RS",FALSE,FALSE,1,191,93,48.6910994764398,98,9,3,300,0.760974445959649,0.155164789986775,0.415488903770719,0.11396511297208,0.593680210044665,0.121487595775687
181,"RS",FALSE,FALSE,1,191,93,48.6910994764398,98,4,5,300,0.78091219044692,0.147712756784701,0.384669677369331,0.102722289986918,0.615476726826155,0.116011087708545
182,"RS",FALSE,FALSE,1,191,93,48.6910994764398,98,9,5,300,0.764712856282466,0.149109615404323,0.40665707648033,0.120968525426025,0.596532810178876,0.118265216114836
183,"RS",FALSE,FALSE,1,191,93,48.6910994764398,98,4,10,300,0.788210187226843,0.147320441546018,0.370909459327106,0.114464734742409,0.621578802617958,0.11925073089093
184,"RS",FALSE,FALSE,1,191,93,48.6910994764398,98,9,10,300,0.772085885376017,0.147712256265555,0.396013353728631,0.110631524040129,0.60256429255925,0.118532039006266
185,"RS",FALSE,FALSE,1,191,93,48.6910994764398,98,4,1,500,0.775802521264151,0.149127616650096,0.390441849534413,0.117779559197168,0.612084034521511,0.11913113462715
186,"RS",FALSE,FALSE,1,191,93,48.6910994764398,98,9,1,500,0.752806499550707,0.146308947527677,0.426692401504796,0.109073397662495,0.588317796323199,0.112721594906009
187,"RS",FALSE,FALSE,1,191,93,48.6910994764398,98,4,3,500,0.779816125305315,0.155642848509337,0.387829678443741,0.105718080406672,0.609658588429417,0.124070617577804
188,"RS",FALSE,FALSE,1,191,93,48.6910994764398,98,9,3,500,0.759021105747242,0.151601440169589,0.417850522105706,0.111963281243799,0.593343461300131,0.119554600522895
189,"RS",FALSE,FALSE,1,191,93,48.6910994764398,98,4,5,500,0.780491500410661,0.148139829124971,0.38417779562666,0.109684022045408,0.615571041044724,0.11695169152553
190,"RS",FALSE,FALSE,1,191,93,48.6910994764398,98,9,5,500,0.767274403420087,0.150206815360359,0.403690223318197,0.115709908466739,0.598072344379172,0.118155600326556
191,"RS",FALSE,FALSE,1,191,93,48.6910994764398,98,4,10,500,0.788053301900385,0.148562257805854,0.370968391753633,0.114865788747436,0.620382360808747,0.122239295788839
192,"RS",FALSE,FALSE,1,191,93,48.6910994764398,98,9,10,500,0.773886100981406,0.147355116194517,0.393436669131561,0.110828629285892,0.604130245956784,0.116095404940851
193,"LOYO",FALSE,TRUE,0.25,191,25,13.0890052356021,166,4,1,100,1.35576436934514,0.591290545385211,-0.818896161762234,0.754944611519331,1.09885781051565,0.504376100732394
194,"LOYO",FALSE,TRUE,0.25,191,25,13.0890052356021,166,9,1,100,1.38421603500154,0.589775335549071,-0.879490515264543,0.718259468371013,1.09257673311465,0.538366352747904
195,"LOYO",FALSE,TRUE,0.25,191,25,13.0890052356021,166,4,3,100,1.34893725305452,0.616157523349778,-0.745128211525112,0.639372213724077,1.09225724431577,0.53802293993343
196,"LOYO",FALSE,TRUE,0.25,191,25,13.0890052356021,166,9,3,100,1.37081285401012,0.547974818724866,-0.811237582431818,0.533966573969634,1.07505439884437,0.509851013446049
197,"LOYO",FALSE,TRUE,0.25,191,25,13.0890052356021,166,4,5,100,1.35427368185518,0.590434823449563,-0.784196396586716,0.665295550183137,1.08462601892162,0.509826972086058
198,"LOYO",FALSE,TRUE,0.25,191,25,13.0890052356021,166,9,5,100,1.37087829628248,0.572924698178602,-0.772358613319353,0.445488335480712,1.06723098679653,0.514949001422509
199,"LOYO",FALSE,TRUE,0.25,191,25,13.0890052356021,166,4,10,100,1.35791819089848,0.581850531611012,-0.812254700920189,0.706632151543542,1.08768325958758,0.50200884143218
200,"LOYO",FALSE,TRUE,0.25,191,25,13.0890052356021,166,9,10,100,1.38622264300962,0.540898304326057,-0.87216508745463,0.593629324174127,1.08990003615625,0.505562612640553
201,"LOYO",FALSE,TRUE,0.25,191,25,13.0890052356021,166,4,1,300,1.34927433672713,0.61641351204557,-0.767310067743448,0.697207887482348,1.0958722004084,0.530172718684049
202,"LOYO",FALSE,TRUE,0.25,191,25,13.0890052356021,166,9,1,300,1.36145786858013,0.56602176224941,-0.781538007668613,0.553115538325149,1.06696407635742,0.518482834270208
203,"LOYO",FALSE,TRUE,0.25,191,25,13.0890052356021,166,4,3,300,1.33932852883393,0.600156082763242,-0.763432414171271,0.727728623440698,1.08552856128437,0.521184428499751
204,"LOYO",FALSE,TRUE,0.25,191,25,13.0890052356021,166,9,3,300,1.36044817201372,0.576203343756665,-0.776415668083335,0.565493399025349,1.07269859200491,0.528919074214712
205,"LOYO",FALSE,TRUE,0.25,191,25,13.0890052356021,166,4,5,300,1.33617302066994,0.612563953017956,-0.76241136493014,0.763290791047066,1.08857880041111,0.524357668387616
206,"LOYO",FALSE,TRUE,0.25,191,25,13.0890052356021,166,9,5,300,1.36467128042616,0.602594917438182,-0.768771410552753,0.561651655314414,1.07414791219986,0.547762452336667
207,"LOYO",FALSE,TRUE,0.25,191,25,13.0890052356021,166,4,10,300,1.33307251819098,0.593332455270333,-0.748995592948933,0.720497039779892,1.08763309788451,0.505000990828422
208,"LOYO",FALSE,TRUE,0.25,191,25,13.0890052356021,166,9,10,300,1.368894218847,0.547565135648811,-0.798177211661495,0.503117958103956,1.06569805921205,0.500474590291477
209,"LOYO",FALSE,TRUE,0.25,191,25,13.0890052356021,166,4,1,500,1.34625447270012,0.600490281204302,-0.77445817668997,0.711331575155304,1.09281182078918,0.522733663817632
210,"LOYO",FALSE,TRUE,0.25,191,25,13.0890052356021,166,9,1,500,1.36957435589342,0.594507733469344,-0.785830320766639,0.556621518584281,1.07262745718726,0.542698367208668
211,"LOYO",FALSE,TRUE,0.25,191,25,13.0890052356021,166,4,3,500,1.3311406053575,0.593593760694945,-0.749373155205931,0.734767668800953,1.07936689403919,0.512773773708755
212,"LOYO",FALSE,TRUE,0.25,191,25,13.0890052356021,166,9,3,500,1.36146865994196,0.577940964570195,-0.794872397892574,0.619696049579731,1.07142402148326,0.532917214143942
213,"LOYO",FALSE,TRUE,0.25,191,25,13.0890052356021,166,4,5,500,1.3430676392373,0.600287650451323,-0.768489333719223,0.716461216030634,1.08941309385651,0.517413562623453
214,"LOYO",FALSE,TRUE,0.25,191,25,13.0890052356021,166,9,5,500,1.3657308497879,0.572958198249419,-0.805686462251092,0.609712998296455,1.07350527067451,0.524168675193316
215,"LOYO",FALSE,TRUE,0.25,191,25,13.0890052356021,166,4,10,500,1.33778138117744,0.575212592002843,-0.752578761907852,0.670259616546653,1.07789428532015,0.494869195492129
216,"LOYO",FALSE,TRUE,0.25,191,25,13.0890052356021,166,9,10,500,1.3585506704661,0.56086664192066,-0.78062373275086,0.56578971064804,1.06506926998821,0.51463254898058
217,"RS",FALSE,TRUE,0.25,191,25,13.0890052356021,166,4,1,100,0.59937896685718,0.0628370619176133,0.598755953510823,0.0660984444232856,0.469237480561644,0.054781174080557
218,"RS",FALSE,TRUE,0.25,191,25,13.0890052356021,166,9,1,100,0.565803579138058,0.0628320885716137,0.637294285327294,0.0894007115383659,0.434701566466148,0.0500955528899085
219,"RS",FALSE,TRUE,0.25,191,25,13.0890052356021,166,4,3,100,0.598549403990527,0.0712622870196302,0.600350885121243,0.071295423079104,0.467662936333753,0.0619918668970128
220,"RS",FALSE,TRUE,0.25,191,25,13.0890052356021,166,9,3,100,0.578216004964468,0.0625987055977555,0.622433572693029,0.0852435833488121,0.442002191522911,0.0582091231177304
221,"RS",FALSE,TRUE,0.25,191,25,13.0890052356021,166,4,5,100,0.593299487682221,0.0759299278308017,0.606162695454551,0.0804078425813052,0.46336607398882,0.0645811554738914
222,"RS",FALSE,TRUE,0.25,191,25,13.0890052356021,166,9,5,100,0.573972552073814,0.0664065395068952,0.628476615773836,0.0840434939510818,0.442662138018536,0.0582308319511589
223,"RS",FALSE,TRUE,0.25,191,25,13.0890052356021,166,4,10,100,0.605452436029269,0.0697670537035087,0.59005031795758,0.0754021212568188,0.47829612724146,0.059967428098348
224,"RS",FALSE,TRUE,0.25,191,25,13.0890052356021,166,9,10,100,0.568834112662847,0.0640220943822989,0.636464969393592,0.0742497535744596,0.439884237977789,0.0612436265632604
225,"RS",FALSE,TRUE,0.25,191,25,13.0890052356021,166,4,1,300,0.59936551276279,0.0620673258055129,0.5986813599215,0.0673458116929465,0.466821031279224,0.0553273870749706
226,"RS",FALSE,TRUE,0.25,191,25,13.0890052356021,166,9,1,300,0.569371004162608,0.0659757244572921,0.634565139300216,0.0831954053684311,0.437758927417263,0.0558129283562166
227,"RS",FALSE,TRUE,0.25,191,25,13.0890052356021,166,4,3,300,0.595928488007424,0.0712939718504215,0.603966268966967,0.068742401447435,0.464772960501237,0.0619125010104934
228,"RS",FALSE,TRUE,0.25,191,25,13.0890052356021,166,9,3,300,0.568800306260504,0.0661250648821251,0.635056423816292,0.0841978725073352,0.437901054383892,0.0591708098298741
229,"RS",FALSE,TRUE,0.25,191,25,13.0890052356021,166,4,5,300,0.592249098651066,0.0669463140786963,0.608731992080971,0.0648139205151838,0.463316723430952,0.0600143771571834
230,"RS",FALSE,TRUE,0.25,191,25,13.0890052356021,166,9,5,300,0.567512407430286,0.0696724580198566,0.637724926700474,0.0798911869948083,0.43748937479724,0.0617247829378985
231,"RS",FALSE,TRUE,0.25,191,25,13.0890052356021,166,4,10,300,0.601926780312856,0.0710050412153897,0.595323860429778,0.0731435481966551,0.47507355962541,0.060355324729297
232,"RS",FALSE,TRUE,0.25,191,25,13.0890052356021,166,9,10,300,0.572800431716087,0.0683685030391308,0.63161759287028,0.0773201247153808,0.445085435690141,0.0624308032440727
233,"RS",FALSE,TRUE,0.25,191,25,13.0890052356021,166,4,1,500,0.596721121905237,0.0669757056757402,0.602573677580843,0.0678225404796186,0.465623632792758,0.0592863600121124
234,"RS",FALSE,TRUE,0.25,191,25,13.0890052356021,166,9,1,500,0.571322696775716,0.0671067931635168,0.632552418011095,0.0811880577616901,0.438023154076478,0.0592131045560632
235,"RS",FALSE,TRUE,0.25,191,25,13.0890052356021,166,4,3,500,0.593991287712304,0.0719807683151404,0.606360632487768,0.0700896767382948,0.463688802754296,0.0628069103394126
236,"RS",FALSE,TRUE,0.25,191,25,13.0890052356021,166,9,3,500,0.568694024350104,0.0683676285660577,0.635304797953019,0.084734603569888,0.436593066760762,0.0608072829297749
237,"RS",FALSE,TRUE,0.25,191,25,13.0890052356021,166,4,5,500,0.591805988073894,0.0661459819843157,0.608968540313743,0.0663357096430302,0.463450399542147,0.0577571132371535
238,"RS",FALSE,TRUE,0.25,191,25,13.0890052356021,166,9,5,500,0.566670053969081,0.0686468387781144,0.638521155016323,0.0807814647803812,0.436565665957421,0.0611579209847926
239,"RS",FALSE,TRUE,0.25,191,25,13.0890052356021,166,4,10,500,0.599565463861844,0.0693286337570194,0.59834959458855,0.071932843733207,0.474282521973638,0.0595850738767061
240,"RS",FALSE,TRUE,0.25,191,25,13.0890052356021,166,9,10,500,0.571923174216497,0.0669088723101162,0.632408443495374,0.0788205555955046,0.444903492037711,0.0606969199266429
241,"LOYO",FALSE,TRUE,0.5,191,56,29.3193717277487,135,4,1,100,1.37157620298347,0.601231383028827,-0.894762974736656,0.900228528016147,1.1150978445191,0.521498399099454
242,"LOYO",FALSE,TRUE,0.5,191,56,29.3193717277487,135,9,1,100,1.35914833255517,0.58194224956448,-0.845028604927802,0.830860979523109,1.06131349550733,0.543480890358285
243,"LOYO",FALSE,TRUE,0.5,191,56,29.3193717277487,135,4,3,100,1.35185377690372,0.569582732572601,-0.926683483383721,1.05848595337845,1.12350733453976,0.488985752258202
244,"LOYO",FALSE,TRUE,0.5,191,56,29.3193717277487,135,9,3,100,1.39003549791987,0.5514817189183,-0.917882035683072,0.784202911519881,1.08513270845099,0.522436561583286
245,"LOYO",FALSE,TRUE,0.5,191,56,29.3193717277487,135,4,5,100,1.33612971398492,0.594408187463113,-0.800717598044385,0.869707058400084,1.09530085373688,0.511849840854094
246,"LOYO",FALSE,TRUE,0.5,191,56,29.3193717277487,135,9,5,100,1.33123194087236,0.589125610117167,-0.734980246958478,0.736210629404267,1.05625895680006,0.53604385776373
247,"LOYO",FALSE,TRUE,0.5,191,56,29.3193717277487,135,4,10,100,1.34209603293502,0.608339695633539,-0.848655922597068,0.960224406309554,1.09883596958398,0.518047506929156
248,"LOYO",FALSE,TRUE,0.5,191,56,29.3193717277487,135,9,10,100,1.33437478126679,0.572472544305716,-0.803786262497911,0.864079188790504,1.05219818487583,0.533935148536228
249,"LOYO",FALSE,TRUE,0.5,191,56,29.3193717277487,135,4,1,300,1.31628461515496,0.601342828802642,-0.750047338342398,0.866112277959327,1.08859267127343,0.518355583406323
250,"LOYO",FALSE,TRUE,0.5,191,56,29.3193717277487,135,9,1,300,1.38587538767638,0.59448401534859,-0.889895297486268,0.79428021690596,1.09078923348245,0.551412112598199
251,"LOYO",FALSE,TRUE,0.5,191,56,29.3193717277487,135,4,3,300,1.30982355684035,0.628700819029093,-0.747394295883467,0.919446543616907,1.08228104035461,0.543362032097685
252,"LOYO",FALSE,TRUE,0.5,191,56,29.3193717277487,135,9,3,300,1.37338521359099,0.591014040471619,-0.849028766793195,0.765089930489371,1.08323275516521,0.549032771791007
253,"LOYO",FALSE,TRUE,0.5,191,56,29.3193717277487,135,4,5,300,1.31159068736168,0.613515419881324,-0.766719498926354,0.936614813269892,1.08295198813001,0.524383261628303
254,"LOYO",FALSE,TRUE,0.5,191,56,29.3193717277487,135,9,5,300,1.35970909486621,0.614475813660694,-0.81447223292938,0.797022021019192,1.08636704315997,0.565338680219299
255,"LOYO",FALSE,TRUE,0.5,191,56,29.3193717277487,135,4,10,300,1.32130649537863,0.577202447706311,-0.807721321042442,0.948452573471988,1.09488770974726,0.489867342213585
256,"LOYO",FALSE,TRUE,0.5,191,56,29.3193717277487,135,9,10,300,1.35101931065796,0.579011660554703,-0.803412187714234,0.772763028015661,1.07111256549457,0.537979198523457
257,"LOYO",FALSE,TRUE,0.5,191,56,29.3193717277487,135,4,1,500,1.33460269666242,0.616233309362438,-0.817485308064463,0.937053654566327,1.10045424709553,0.53529424556375
258,"LOYO",FALSE,TRUE,0.5,191,56,29.3193717277487,135,9,1,500,1.37953928720328,0.600241751161534,-0.880576929100951,0.818331292779483,1.08323098355429,0.569829764777454
259,"LOYO",FALSE,TRUE,0.5,191,56,29.3193717277487,135,4,3,500,1.32073388875339,0.595974094933575,-0.75793327599857,0.855264700870499,1.08574134532079,0.515535388565773
260,"LOYO",FALSE,TRUE,0.5,191,56,29.3193717277487,135,9,3,500,1.37516467950562,0.571535657917771,-0.85848899821765,0.750467873738333,1.0828256843985,0.536000439633539
261,"LOYO",FALSE,TRUE,0.5,191,56,29.3193717277487,135,4,5,500,1.32814793911272,0.599512968969672,-0.789757622314058,0.892062522270142,1.09865835927287,0.515023611746569
262,"LOYO",FALSE,TRUE,0.5,191,56,29.3193717277487,135,9,5,500,1.36598812631569,0.602652541081544,-0.829651549021673,0.779425797629892,1.07547269907817,0.558267049530257
263,"LOYO",FALSE,TRUE,0.5,191,56,29.3193717277487,135,4,10,500,1.33130044593847,0.571994024315028,-0.821219751299013,0.922420802336713,1.10405974742945,0.492425421005211
264,"LOYO",FALSE,TRUE,0.5,191,56,29.3193717277487,135,9,10,500,1.36883507013126,0.565978639556251,-0.857464997688413,0.782519065081043,1.07646240267095,0.540897283209346
265,"RS",FALSE,TRUE,0.5,191,56,29.3193717277487,135,4,1,100,0.656745901856476,0.095013529303012,0.513831760866706,0.112146355970996,0.489706995412338,0.0607534532940616
266,"RS",FALSE,TRUE,0.5,191,56,29.3193717277487,135,9,1,100,0.619534614780118,0.0862759103399883,0.570931772663342,0.075632488900752,0.463534892188222,0.0670865234471328
267,"RS",FALSE,TRUE,0.5,191,56,29.3193717277487,135,4,3,100,0.647672313748489,0.0977007640201887,0.529973822051977,0.0980823735052554,0.487351830103891,0.0746623395307672
268,"RS",FALSE,TRUE,0.5,191,56,29.3193717277487,135,9,3,100,0.613533222954079,0.0997726450953213,0.579727646193133,0.0894422728022136,0.455808778364427,0.07989210230427
269,"RS",FALSE,TRUE,0.5,191,56,29.3193717277487,135,4,5,100,0.652734085069603,0.0950318267649915,0.519028713632495,0.116353137882313,0.489490163380386,0.0666914549735301
270,"RS",FALSE,TRUE,0.5,191,56,29.3193717277487,135,9,5,100,0.624377397884095,0.0913650400593991,0.564440065770039,0.0813114309927602,0.465223258136898,0.0710998544849853
271,"RS",FALSE,TRUE,0.5,191,56,29.3193717277487,135,4,10,100,0.672673095868777,0.0999642370324228,0.491328356431051,0.112973268949501,0.508088034069282,0.0667770944304305
272,"RS",FALSE,TRUE,0.5,191,56,29.3193717277487,135,9,10,100,0.643105770296292,0.0931530997295168,0.539178552216077,0.0781461261352924,0.47703903577174,0.0771656542642359
273,"RS",FALSE,TRUE,0.5,191,56,29.3193717277487,135,4,1,300,0.656082991899108,0.095106423091771,0.51542859348501,0.109523057716729,0.493047879205714,0.0629674193248739
274,"RS",FALSE,TRUE,0.5,191,56,29.3193717277487,135,9,1,300,0.612364703931005,0.0881009458215064,0.58075318237279,0.0789423390777469,0.455745312111188,0.0714275407569396
275,"RS",FALSE,TRUE,0.5,191,56,29.3193717277487,135,4,3,300,0.648344706912173,0.099867424937138,0.529761256404732,0.0962724483883941,0.486637019717266,0.0729752397496005
276,"RS",FALSE,TRUE,0.5,191,56,29.3193717277487,135,9,3,300,0.616193321983502,0.0954004157177335,0.576767951554474,0.0806415930996392,0.458809891516885,0.0786967263923918
277,"RS",FALSE,TRUE,0.5,191,56,29.3193717277487,135,4,5,300,0.654925437715704,0.0974937482107106,0.516794447223653,0.112264680656979,0.493888017628747,0.0696274271658852
278,"RS",FALSE,TRUE,0.5,191,56,29.3193717277487,135,9,5,300,0.622028973903651,0.087307804961217,0.567483587425195,0.0779461475486222,0.46522159684647,0.0689959251378069
279,"RS",FALSE,TRUE,0.5,191,56,29.3193717277487,135,4,10,300,0.669121361055502,0.0970734903996104,0.497447597107007,0.1056397124774,0.505721794488207,0.0657976983020808
280,"RS",FALSE,TRUE,0.5,191,56,29.3193717277487,135,9,10,300,0.634503527527057,0.0907054776991911,0.550702636663988,0.0789368618480199,0.472013329514832,0.0737018841407804
281,"RS",FALSE,TRUE,0.5,191,56,29.3193717277487,135,4,1,500,0.653004233560341,0.0956154094940957,0.520288281409344,0.106568252514075,0.49106928993246,0.0644545269637026
282,"RS",FALSE,TRUE,0.5,191,56,29.3193717277487,135,9,1,500,0.611018898943093,0.0900990291318758,0.583029957782979,0.0783293178836491,0.456281053814244,0.071841560307486
283,"RS",FALSE,TRUE,0.5,191,56,29.3193717277487,135,4,3,500,0.649500630478154,0.101795277194696,0.527642915980914,0.100279551978245,0.487671060363362,0.0738351726494455
284,"RS",FALSE,TRUE,0.5,191,56,29.3193717277487,135,9,3,500,0.617217189665041,0.0953255272756006,0.575526080128693,0.0791441268956739,0.459096079971149,0.0780924383606688
285,"RS",FALSE,TRUE,0.5,191,56,29.3193717277487,135,4,5,500,0.655040993974228,0.0979896575949719,0.517540708932764,0.108268205589409,0.4946472490264,0.0681623295606021
286,"RS",FALSE,TRUE,0.5,191,56,29.3193717277487,135,9,5,500,0.620638583776259,0.0875165353073821,0.569272582192792,0.0791199015897837,0.464554335341607,0.0703179809258918
287,"RS",FALSE,TRUE,0.5,191,56,29.3193717277487,135,4,10,500,0.667561875067767,0.0958148683204749,0.499428403890179,0.106410100930616,0.504217661691408,0.0643176806245885
288,"RS",FALSE,TRUE,0.5,191,56,29.3193717277487,135,9,10,500,0.634600806240169,0.0924936012686143,0.55074097874905,0.0795965600667505,0.471892005798611,0.0753528942024698
289,"LOYO",FALSE,TRUE,0.75,191,77,40.3141361256544,114,4,1,100,1.34167191123451,0.644175969470638,-0.7622899806408,0.697641989478127,1.08507663033064,0.557548509289336
290,"LOYO",FALSE,TRUE,0.75,191,77,40.3141361256544,114,9,1,100,1.34890004396884,0.711185408310125,-0.721667981004183,0.690438230998867,1.066685157368,0.643643916271137
291,"LOYO",FALSE,TRUE,0.75,191,77,40.3141361256544,114,4,3,100,1.32750996680764,0.678380977577804,-0.751975623818385,0.810491755340583,1.10249345719694,0.576780139499622
292,"LOYO",FALSE,TRUE,0.75,191,77,40.3141361256544,114,9,3,100,1.31293423656073,0.658279891026834,-0.683021873156959,0.703562032267084,1.04022888854759,0.58496939704806
293,"LOYO",FALSE,TRUE,0.75,191,77,40.3141361256544,114,4,5,100,1.29161513716911,0.684286398109934,-0.661061547589659,0.806617249359946,1.05845982941139,0.583098531722732
294,"LOYO",FALSE,TRUE,0.75,191,77,40.3141361256544,114,9,5,100,1.32944596781937,0.682496507585559,-0.699740412291109,0.691350673883572,1.06376452678938,0.609443222521562
295,"LOYO",FALSE,TRUE,0.75,191,77,40.3141361256544,114,4,10,100,1.33981140917389,0.669096804869822,-0.79372060738339,0.823957043256274,1.12223792916603,0.556979327842991
296,"LOYO",FALSE,TRUE,0.75,191,77,40.3141361256544,114,9,10,100,1.32854113083879,0.619302379561032,-0.710174398416598,0.602619747761342,1.03833699699381,0.564704989200001
297,"LOYO",FALSE,TRUE,0.75,191,77,40.3141361256544,114,4,1,300,1.3334242334653,0.674230411521981,-0.751670770663035,0.771151036115837,1.09628801661916,0.570946636755632
298,"LOYO",FALSE,TRUE,0.75,191,77,40.3141361256544,114,9,1,300,1.35023814052432,0.643722833089486,-0.772971021496832,0.667328456875008,1.06509182924739,0.576882336964683
299,"LOYO",FALSE,TRUE,0.75,191,77,40.3141361256544,114,4,3,300,1.32616644989931,0.656117797970263,-0.740766597099622,0.759441424626297,1.09513911978648,0.557338241169288
300,"LOYO",FALSE,TRUE,0.75,191,77,40.3141361256544,114,9,3,300,1.32086924051461,0.660735082351714,-0.673464058819354,0.638672376114154,1.03799794977776,0.592330463375173
301,"LOYO",FALSE,TRUE,0.75,191,77,40.3141361256544,114,4,5,300,1.31733569653613,0.644226025836771,-0.733880141592487,0.777373830487421,1.07387250627981,0.555536557520775
302,"LOYO",FALSE,TRUE,0.75,191,77,40.3141361256544,114,9,5,300,1.33087038440929,0.657768296410172,-0.711781927305212,0.664050728559235,1.04867858426177,0.596583589402024
303,"LOYO",FALSE,TRUE,0.75,191,77,40.3141361256544,114,4,10,300,1.31232114759255,0.654006860383878,-0.709397758091037,0.761926299149865,1.08397942598558,0.558279618238851
304,"LOYO",FALSE,TRUE,0.75,191,77,40.3141361256544,114,9,10,300,1.32157912622428,0.643536019540776,-0.696232891391161,0.657688862778137,1.04231715647742,0.579252004193588
305,"LOYO",FALSE,TRUE,0.75,191,77,40.3141361256544,114,4,1,500,1.33929716156897,0.662790642351674,-0.768461343409696,0.758290475545152,1.1061872101134,0.564749028841509
306,"LOYO",FALSE,TRUE,0.75,191,77,40.3141361256544,114,9,1,500,1.3389778056693,0.659462693505689,-0.733127296225881,0.668839461081278,1.06087268126755,0.591477603112625
307,"LOYO",FALSE,TRUE,0.75,191,77,40.3141361256544,114,4,3,500,1.32153921125434,0.677610020226962,-0.713398093500369,0.756277895464975,1.08739393097779,0.582494766903111
308,"LOYO",FALSE,TRUE,0.75,191,77,40.3141361256544,114,9,3,500,1.33978414031188,0.656534098058546,-0.735995072467754,0.66529114429954,1.06098154741174,0.593593137907659
309,"LOYO",FALSE,TRUE,0.75,191,77,40.3141361256544,114,4,5,500,1.32076120637097,0.673718160106342,-0.725277042283305,0.780693986165769,1.0910539600476,0.573221311189908
310,"LOYO",FALSE,TRUE,0.75,191,77,40.3141361256544,114,9,5,500,1.32183756703905,0.653940038434649,-0.691693709357411,0.663732079678554,1.0435567592411,0.58858061458444
311,"LOYO",FALSE,TRUE,0.75,191,77,40.3141361256544,114,4,10,500,1.31870709689192,0.657348097308784,-0.754541406772566,0.835580794405909,1.09759298317509,0.554846176411285
312,"LOYO",FALSE,TRUE,0.75,191,77,40.3141361256544,114,9,10,500,1.35211597104679,0.655765650363666,-0.772938585338654,0.676953694798518,1.07334167676246,0.589625943287713
313,"RS",FALSE,TRUE,0.75,191,77,40.3141361256544,114,4,1,100,0.667520818170082,0.110735832332253,0.444634055737068,0.167981065987012,0.528415456031593,0.106098185226553
314,"RS",FALSE,TRUE,0.75,191,77,40.3141361256544,114,9,1,100,0.631951778507729,0.103804271319382,0.496766016465025,0.157640501501742,0.498953977506928,0.0944840900545472
315,"RS",FALSE,TRUE,0.75,191,77,40.3141361256544,114,4,3,100,0.669588721004107,0.10441272436938,0.444727417928161,0.1489806135464,0.530227412571763,0.0989638803951844
316,"RS",FALSE,TRUE,0.75,191,77,40.3141361256544,114,9,3,100,0.639215374110227,0.103184602480332,0.491206008956814,0.146909666784867,0.508276580116434,0.0936654934134061
317,"RS",FALSE,TRUE,0.75,191,77,40.3141361256544,114,4,5,100,0.674535306027727,0.106112374271829,0.440743999129082,0.141881204667601,0.539813622731235,0.0974764869072423
318,"RS",FALSE,TRUE,0.75,191,77,40.3141361256544,114,9,5,100,0.625786370611021,0.113323142368592,0.512342332234661,0.150852618467673,0.497786215187034,0.0992148633474213
319,"RS",FALSE,TRUE,0.75,191,77,40.3141361256544,114,4,10,100,0.690398486223797,0.120911353937263,0.411656180405153,0.171741093093016,0.554574381392255,0.112264646208291
320,"RS",FALSE,TRUE,0.75,191,77,40.3141361256544,114,9,10,100,0.644802360754188,0.108052583659605,0.479916117171125,0.158444556590002,0.515103799134674,0.0959693940178866
321,"RS",FALSE,TRUE,0.75,191,77,40.3141361256544,114,4,1,300,0.669205849676269,0.108984017632968,0.443472398110607,0.165194321505555,0.532291605444315,0.106182394872237
322,"RS",FALSE,TRUE,0.75,191,77,40.3141361256544,114,9,1,300,0.632477288931839,0.103365186392156,0.497315090393992,0.155902285318082,0.500195805153365,0.0924992608503347
323,"RS",FALSE,TRUE,0.75,191,77,40.3141361256544,114,4,3,300,0.672909545569785,0.108839441639214,0.440058789177625,0.155360214387563,0.535844848422987,0.102975651841945
324,"RS",FALSE,TRUE,0.75,191,77,40.3141361256544,114,9,3,300,0.632588541731378,0.102317869171508,0.499953863917968,0.149426810784954,0.5020007622669,0.0925822212883648
325,"RS",FALSE,TRUE,0.75,191,77,40.3141361256544,114,4,5,300,0.676961284547653,0.104315935480575,0.435161944005877,0.147430792748077,0.540287803511297,0.100361478577301
326,"RS",FALSE,TRUE,0.75,191,77,40.3141361256544,114,9,5,300,0.630143160504717,0.108345083400367,0.504288230192468,0.150909016849392,0.501642277054253,0.0962085471086059
327,"RS",FALSE,TRUE,0.75,191,77,40.3141361256544,114,4,10,300,0.693738143142788,0.118362050115657,0.404608876407313,0.17483323667262,0.557472253468363,0.113094068963387
328,"RS",FALSE,TRUE,0.75,191,77,40.3141361256544,114,9,10,300,0.648319078188115,0.108511437689443,0.477437934148746,0.153440887331583,0.51803067890351,0.0958170002492542
329,"RS",FALSE,TRUE,0.75,191,77,40.3141361256544,114,4,1,500,0.668509396951048,0.105095836905831,0.44488834137917,0.159639647164061,0.530033919863774,0.103221497753688
330,"RS",FALSE,TRUE,0.75,191,77,40.3141361256544,114,9,1,500,0.62940155672756,0.101218765276573,0.503039926294803,0.152001772548468,0.498527986998553,0.0920158423356965
331,"RS",FALSE,TRUE,0.75,191,77,40.3141361256544,114,4,3,500,0.670915742522029,0.107439259970136,0.443063511626729,0.156324946821631,0.534555166296019,0.101934773017071
332,"RS",FALSE,TRUE,0.75,191,77,40.3141361256544,114,9,3,500,0.631136133194937,0.100963932909494,0.500886286432677,0.151371529142059,0.500531234642198,0.0923295307901586
333,"RS",FALSE,TRUE,0.75,191,77,40.3141361256544,114,4,5,500,0.676988496968196,0.106000432608599,0.43408435529932,0.152382897717472,0.539722125933779,0.102604455472853
334,"RS",FALSE,TRUE,0.75,191,77,40.3141361256544,114,9,5,500,0.629128218077812,0.104674679986544,0.505361767662818,0.150480388645058,0.499285402337252,0.0940359085854302
335,"RS",FALSE,TRUE,0.75,191,77,40.3141361256544,114,4,10,500,0.69077390392516,0.114514298471687,0.409782042492463,0.169096390252671,0.554415439814806,0.110500581534059
336,"RS",FALSE,TRUE,0.75,191,77,40.3141361256544,114,9,10,500,0.646103062362926,0.108098349573993,0.479850978923916,0.15647522278243,0.51546564085548,0.096284711916953
337,"LOYO",FALSE,TRUE,1,191,93,48.6910994764398,98,4,1,100,1.32950182579633,0.799715115555205,-0.753559865179366,0.805027852075116,1.08794870341516,0.661183251456468
338,"LOYO",FALSE,TRUE,1,191,93,48.6910994764398,98,9,1,100,1.28342738601383,0.790844586512701,-0.625869565011442,0.76994754726488,1.00222025645374,0.708816345463062
339,"LOYO",FALSE,TRUE,1,191,93,48.6910994764398,98,4,3,100,1.32330963307462,0.785345169269093,-0.685657546299263,0.669892819195186,1.08254382873058,0.676078967935572
340,"LOYO",FALSE,TRUE,1,191,93,48.6910994764398,98,9,3,100,1.32247417633564,0.837180835640581,-0.739291587268029,0.88332565636901,1.04897329845162,0.742844923860993
341,"LOYO",FALSE,TRUE,1,191,93,48.6910994764398,98,4,5,100,1.35022910206858,0.810931686307023,-0.774663067346461,0.759427826132954,1.10192671458736,0.694586838089859
342,"LOYO",FALSE,TRUE,1,191,93,48.6910994764398,98,9,5,100,1.32505003499313,0.839458481115959,-0.696560075600259,0.804986210151956,1.05523013785619,0.748098134745964
343,"LOYO",FALSE,TRUE,1,191,93,48.6910994764398,98,4,10,100,1.33569652443083,0.73914846121455,-0.838222123447959,0.854030222998267,1.10408244733455,0.611928526830503
344,"LOYO",FALSE,TRUE,1,191,93,48.6910994764398,98,9,10,100,1.30851690123005,0.787603359749793,-0.728760301605971,0.842494628982038,1.04540656046258,0.699953968472974
345,"LOYO",FALSE,TRUE,1,191,93,48.6910994764398,98,4,1,300,1.32003470050386,0.800975209706274,-0.736791529447825,0.823206663809165,1.0896895062804,0.669897721283075
346,"LOYO",FALSE,TRUE,1,191,93,48.6910994764398,98,9,1,300,1.32128059423774,0.809597746799177,-0.697480168952747,0.758833566089025,1.03267696775443,0.722658362918086
347,"LOYO",FALSE,TRUE,1,191,93,48.6910994764398,98,4,3,300,1.3061873483703,0.796492176956144,-0.690004934308672,0.792667753298037,1.07326982711454,0.668940712517754
348,"LOYO",FALSE,TRUE,1,191,93,48.6910994764398,98,9,3,300,1.30179985070337,0.819487750539986,-0.663229075478618,0.808914097574131,1.03094128970782,0.725061779261277
349,"LOYO",FALSE,TRUE,1,191,93,48.6910994764398,98,4,5,300,1.34793254253294,0.801252117846182,-0.808290404479554,0.82056819749562,1.11158347563067,0.674788972832894
350,"LOYO",FALSE,TRUE,1,191,93,48.6910994764398,98,9,5,300,1.32337832082021,0.792585759902524,-0.725290845194909,0.76598050987237,1.04690206916143,0.705927899615904
351,"LOYO",FALSE,TRUE,1,191,93,48.6910994764398,98,4,10,300,1.3558478313793,0.803089763010993,-0.837089424328566,0.840574847362669,1.12663692731285,0.674441238159704
352,"LOYO",FALSE,TRUE,1,191,93,48.6910994764398,98,9,10,300,1.31898737023325,0.812759433674003,-0.694180002902935,0.770767886307385,1.0466831610337,0.72130291326249
353,"LOYO",FALSE,TRUE,1,191,93,48.6910994764398,98,4,1,500,1.32861114856677,0.781873301807959,-0.754793856319351,0.777397504494254,1.09155766805081,0.654980430091354
354,"LOYO",FALSE,TRUE,1,191,93,48.6910994764398,98,9,1,500,1.32274469413025,0.808439043950089,-0.707994993420825,0.768626309737519,1.04433396607932,0.716947320917178
355,"LOYO",FALSE,TRUE,1,191,93,48.6910994764398,98,4,3,500,1.34940079825154,0.778555615134618,-0.821033213828571,0.79537703350976,1.11053214339348,0.654566340340621
356,"LOYO",FALSE,TRUE,1,191,93,48.6910994764398,98,9,3,500,1.32042110222654,0.799436574339344,-0.703819244568672,0.753225161755322,1.03624229841023,0.715867301744696
357,"LOYO",FALSE,TRUE,1,191,93,48.6910994764398,98,4,5,500,1.32954540749219,0.791814274878501,-0.770597987853203,0.825046761629143,1.10163253305735,0.663942031301291
358,"LOYO",FALSE,TRUE,1,191,93,48.6910994764398,98,9,5,500,1.32742402901138,0.80618445614127,-0.734026561432161,0.789994113826657,1.05354998872621,0.718886980263958
359,"LOYO",FALSE,TRUE,1,191,93,48.6910994764398,98,4,10,500,1.32719823651759,0.775911351234392,-0.792464698132478,0.857732573167749,1.09978003596889,0.643778591178888
360,"LOYO",FALSE,TRUE,1,191,93,48.6910994764398,98,9,10,500,1.32617605449886,0.80260754274174,-0.729336479877791,0.779918378385235,1.05867809766448,0.705485206841103
361,"RS",FALSE,TRUE,1,191,93,48.6910994764398,98,4,1,100,0.77735370150277,0.160373588047693,0.378543745228618,0.117674904163848,0.606188455758472,0.124214372033064
362,"RS",FALSE,TRUE,1,191,93,48.6910994764398,98,9,1,100,0.740961218650268,0.159542008980304,0.43394348799373,0.124905562625303,0.562916954059269,0.121920233576624
363,"RS",FALSE,TRUE,1,191,93,48.6910994764398,98,4,3,100,0.780625646322264,0.157928497854205,0.372291604006009,0.121460541190256,0.611126837591988,0.125668809838129
364,"RS",FALSE,TRUE,1,191,93,48.6910994764398,98,9,3,100,0.75605366023621,0.152099655676587,0.406153032971232,0.134867543624803,0.577776296015662,0.114555973210346
365,"RS",FALSE,TRUE,1,191,93,48.6910994764398,98,4,5,100,0.771250969349364,0.154380555830982,0.388046936158611,0.11152543851086,0.600674639739106,0.125743525297734
366,"RS",FALSE,TRUE,1,191,93,48.6910994764398,98,9,5,100,0.753941895081507,0.152202194752216,0.410844408247097,0.12560651271956,0.580140375519302,0.120261438796262
367,"RS",FALSE,TRUE,1,191,93,48.6910994764398,98,4,10,100,0.782524873139119,0.142248456435847,0.364030512372759,0.127206670672782,0.605214707837698,0.112106612240117
368,"RS",FALSE,TRUE,1,191,93,48.6910994764398,98,9,10,100,0.761171772256627,0.152179519531119,0.39950480335323,0.127457380385235,0.587625442786544,0.113725273701647
369,"RS",FALSE,TRUE,1,191,93,48.6910994764398,98,4,1,300,0.774202267548995,0.159065350657517,0.383112870804521,0.118454962471835,0.603440392776801,0.122196339016136
370,"RS",FALSE,TRUE,1,191,93,48.6910994764398,98,9,1,300,0.740066846355515,0.15653804665101,0.437185783078102,0.110605893782251,0.568839035261803,0.118712677601965
371,"RS",FALSE,TRUE,1,191,93,48.6910994764398,98,4,3,300,0.76843473774506,0.158889241258474,0.39279424684445,0.114691471902639,0.598207424468593,0.122629587129436
372,"RS",FALSE,TRUE,1,191,93,48.6910994764398,98,9,3,300,0.751472929342611,0.158154539391523,0.41744043067592,0.123411573628255,0.575629726884918,0.120679424248968
373,"RS",FALSE,TRUE,1,191,93,48.6910994764398,98,4,5,300,0.773321251961913,0.153736413379166,0.383799931220171,0.114992300383541,0.599909829158476,0.122421777521552
374,"RS",FALSE,TRUE,1,191,93,48.6910994764398,98,9,5,300,0.752192972874403,0.153543174173909,0.416241126204401,0.116801523786184,0.577888922511603,0.116474399700364
375,"RS",FALSE,TRUE,1,191,93,48.6910994764398,98,4,10,300,0.777692079352719,0.150197776360568,0.376702567722321,0.109488406219369,0.605038552922836,0.120441588080214
376,"RS",FALSE,TRUE,1,191,93,48.6910994764398,98,9,10,300,0.759419699210198,0.158060824900528,0.405629474438626,0.121249399450045,0.587014087594393,0.120454254284608
377,"RS",FALSE,TRUE,1,191,93,48.6910994764398,98,4,1,500,0.77186815690933,0.161216034390045,0.387246531286895,0.117322145729438,0.599483488781566,0.123555136527133
378,"RS",FALSE,TRUE,1,191,93,48.6910994764398,98,9,1,500,0.744354771409673,0.157045859731203,0.430351499556366,0.112366590980741,0.572473387300436,0.119948121182507
379,"RS",FALSE,TRUE,1,191,93,48.6910994764398,98,4,3,500,0.76888921475021,0.158694391709345,0.392231635091504,0.112197600809924,0.598844981229667,0.121930854464608
380,"RS",FALSE,TRUE,1,191,93,48.6910994764398,98,9,3,500,0.753371994430281,0.160130528308963,0.414892048049055,0.12396703653152,0.577675965626807,0.121964048674612
381,"RS",FALSE,TRUE,1,191,93,48.6910994764398,98,4,5,500,0.77204627751724,0.152744054156858,0.385559648818199,0.114501155285214,0.599167819611896,0.120404374199411
382,"RS",FALSE,TRUE,1,191,93,48.6910994764398,98,9,5,500,0.756273008441848,0.157889840483424,0.41175955238789,0.113110749575254,0.580114744010258,0.120673604790037
383,"RS",FALSE,TRUE,1,191,93,48.6910994764398,98,4,10,500,0.780265736489943,0.152985328772261,0.37271679365315,0.112660968357922,0.607812457329295,0.12320603065106
384,"RS",FALSE,TRUE,1,191,93,48.6910994764398,98,9,10,500,0.758442989174991,0.1575422157969,0.406901747234651,0.12108390918589,0.585379827760705,0.121526118096844
385,"LOYO",TRUE,FALSE,0.25,191,25,13.0890052356021,166,4,1,100,1.31191290889767,0.518579939684994,-0.738249134574357,0.703782719212923,1.06856787449218,0.461944127842715
386,"LOYO",TRUE,FALSE,0.25,191,25,13.0890052356021,166,9,1,100,1.39001051141657,0.529197321280415,-0.862745048788092,0.467412601397495,1.10364397946513,0.488826558291591
387,"LOYO",TRUE,FALSE,0.25,191,25,13.0890052356021,166,4,3,100,1.31410108624645,0.55487578032884,-0.709937376007546,0.670801116184312,1.0710902136769,0.482495477321663
388,"LOYO",TRUE,FALSE,0.25,191,25,13.0890052356021,166,9,3,100,1.37772970483816,0.525316440105913,-0.889869515792297,0.665215499345403,1.09084348870007,0.512125534219147
389,"LOYO",TRUE,FALSE,0.25,191,25,13.0890052356021,166,4,5,100,1.32418782491918,0.531552639560146,-0.794478013334029,0.791639106294883,1.09169615322566,0.472793362530477
390,"LOYO",TRUE,FALSE,0.25,191,25,13.0890052356021,166,9,5,100,1.38550527397063,0.531641239609994,-0.896697789413731,0.632983626633273,1.09804943113002,0.498785047723773
391,"LOYO",TRUE,FALSE,0.25,191,25,13.0890052356021,166,4,10,100,1.30481509510925,0.503782496115195,-0.682671168668372,0.568532598876193,1.06336159903806,0.441270247788931
392,"LOYO",TRUE,FALSE,0.25,191,25,13.0890052356021,166,9,10,100,1.34085067101823,0.557690274653724,-0.758046976705735,0.623828025680661,1.06384782117189,0.510108310332577
393,"LOYO",TRUE,FALSE,0.25,191,25,13.0890052356021,166,4,1,300,1.34049357420066,0.5544186593502,-0.810645095958364,0.75933607594453,1.08876790342952,0.493099772667859
394,"LOYO",TRUE,FALSE,0.25,191,25,13.0890052356021,166,9,1,300,1.37942544855333,0.519812700015032,-0.888450270737817,0.636455469460402,1.08682795756155,0.491915781424316
395,"LOYO",TRUE,FALSE,0.25,191,25,13.0890052356021,166,4,3,300,1.3363594905998,0.546108486410479,-0.796924186314101,0.738121673556952,1.08683826377802,0.483948627928596
396,"LOYO",TRUE,FALSE,0.25,191,25,13.0890052356021,166,9,3,300,1.35033308674765,0.50350127215631,-0.816873474905906,0.624067049364702,1.0689564575716,0.485078983770239
397,"LOYO",TRUE,FALSE,0.25,191,25,13.0890052356021,166,4,5,300,1.34764498110588,0.549756486985966,-0.810472157262441,0.703783089036412,1.09462143402622,0.492249074215874
398,"LOYO",TRUE,FALSE,0.25,191,25,13.0890052356021,166,9,5,300,1.35468978216622,0.523404400042533,-0.823656157508532,0.644185516886246,1.07050407410494,0.490818979016259
399,"LOYO",TRUE,FALSE,0.25,191,25,13.0890052356021,166,4,10,300,1.32379126231728,0.544441552346973,-0.739132672479712,0.665452090677363,1.08273497953925,0.472404530909077
400,"LOYO",TRUE,FALSE,0.25,191,25,13.0890052356021,166,9,10,300,1.36732442309973,0.514663577863626,-0.866856989288599,0.660859591369942,1.08222078464673,0.483414676668731
401,"LOYO",TRUE,FALSE,0.25,191,25,13.0890052356021,166,4,1,500,1.31064569275155,0.557834000852134,-0.732696532277891,0.753196181639547,1.07244634793748,0.493732611676653
402,"LOYO",TRUE,FALSE,0.25,191,25,13.0890052356021,166,9,1,500,1.36727088790913,0.519893025356495,-0.841076892969174,0.587519772320331,1.08099982731836,0.488298661001429
403,"LOYO",TRUE,FALSE,0.25,191,25,13.0890052356021,166,4,3,500,1.34031252806916,0.555519552102753,-0.806331008297073,0.751029289658754,1.08312665360371,0.501618894359674
404,"LOYO",TRUE,FALSE,0.25,191,25,13.0890052356021,166,9,3,500,1.37240529232164,0.527217652114525,-0.850196315006539,0.587385093619082,1.08289425222516,0.495889085950765
405,"LOYO",TRUE,FALSE,0.25,191,25,13.0890052356021,166,4,5,500,1.33452309213716,0.555603175676516,-0.78217733130685,0.726291776456348,1.09172077658279,0.484686517220237
406,"LOYO",TRUE,FALSE,0.25,191,25,13.0890052356021,166,9,5,500,1.37080176806418,0.519794876554274,-0.865004115448369,0.634711045515199,1.08079116537249,0.486588365896501
407,"LOYO",TRUE,FALSE,0.25,191,25,13.0890052356021,166,4,10,500,1.32344729993726,0.527924202829383,-0.77336722684385,0.735078663432229,1.08175201392214,0.464838047296158
408,"LOYO",TRUE,FALSE,0.25,191,25,13.0890052356021,166,9,10,500,1.36720349535691,0.525765014509899,-0.865503053897075,0.676308104911787,1.08163496812608,0.493460165391046
409,"RS",TRUE,FALSE,0.25,191,25,13.0890052356021,166,4,1,100,0.612325381650908,0.0697033465721116,0.587273151134804,0.0604038340362824,0.483873030321175,0.0618500964193265
410,"RS",TRUE,FALSE,0.25,191,25,13.0890052356021,166,9,1,100,0.590351817701139,0.0569388961907274,0.614188234087348,0.0658118299674869,0.46207158352332,0.0582171046877454
411,"RS",TRUE,FALSE,0.25,191,25,13.0890052356021,166,4,3,100,0.608997955184841,0.0580449592364087,0.589364651809783,0.0688457144121329,0.48068286557592,0.0582684862551684
412,"RS",TRUE,FALSE,0.25,191,25,13.0890052356021,166,9,3,100,0.576499972388736,0.061601694888209,0.629118398931206,0.0810601696674244,0.451103555030479,0.055745727323338
413,"RS",TRUE,FALSE,0.25,191,25,13.0890052356021,166,4,5,100,0.60404373004739,0.0711180550245781,0.596647023800216,0.071131387872615,0.478438230951438,0.0605935183763296
414,"RS",TRUE,FALSE,0.25,191,25,13.0890052356021,166,9,5,100,0.576252397850411,0.0677536812973462,0.630830781039791,0.0792113151391008,0.451709203370575,0.061900498603799
415,"RS",TRUE,FALSE,0.25,191,25,13.0890052356021,166,4,10,100,0.624300024207642,0.0707467892936675,0.56882532706526,0.0764821998645443,0.494035673838492,0.0609561211194601
416,"RS",TRUE,FALSE,0.25,191,25,13.0890052356021,166,9,10,100,0.585306125524357,0.0527643132342592,0.617311014890333,0.0820234140082777,0.457786066065011,0.0488549372376735
417,"RS",TRUE,FALSE,0.25,191,25,13.0890052356021,166,4,1,300,0.61313271047085,0.0609752587684627,0.584873552761585,0.0629054877311257,0.484088611510881,0.0559852395582708
418,"RS",TRUE,FALSE,0.25,191,25,13.0890052356021,166,9,1,300,0.582036531266999,0.0653501514882,0.624423736376784,0.0741113942208124,0.454067807929376,0.0617774179543759
419,"RS",TRUE,FALSE,0.25,191,25,13.0890052356021,166,4,3,300,0.608091989275546,0.0614131445354642,0.590635763550808,0.0704619850147019,0.479973507795353,0.0591165956663642
420,"RS",TRUE,FALSE,0.25,191,25,13.0890052356021,166,9,3,300,0.581942432390184,0.0604756404015776,0.622967797946674,0.0796494155203946,0.454654338223007,0.0567128404048167
421,"RS",TRUE,FALSE,0.25,191,25,13.0890052356021,166,4,5,300,0.608968213191922,0.0677008081244734,0.590087801041887,0.06970972607669,0.482531284894674,0.0620153891184359
422,"RS",TRUE,FALSE,0.25,191,25,13.0890052356021,166,9,5,300,0.578277558707893,0.0644946560534002,0.628744917383384,0.074865289076979,0.452856734735059,0.0582170581428152
423,"RS",TRUE,FALSE,0.25,191,25,13.0890052356021,166,4,10,300,0.61325356535675,0.0662038890336898,0.584608842580811,0.0676422030675087,0.49025006540924,0.0584344401885968
424,"RS",TRUE,FALSE,0.25,191,25,13.0890052356021,166,9,10,300,0.586144362359576,0.0534713580055275,0.617369240770336,0.0762781165219719,0.461661438245056,0.0486310998626251
425,"RS",TRUE,FALSE,0.25,191,25,13.0890052356021,166,4,1,500,0.611400877078119,0.0607863259521217,0.587033430184186,0.0644243499619458,0.483747373546045,0.0552282303938968
426,"RS",TRUE,FALSE,0.25,191,25,13.0890052356021,166,9,1,500,0.579544106645425,0.0659242129501052,0.627290131532114,0.0752871683296367,0.452160298079076,0.060813591913255
427,"RS",TRUE,FALSE,0.25,191,25,13.0890052356021,166,4,3,500,0.607483319091314,0.0637578172699441,0.591824650569841,0.0699199488635582,0.480467360968886,0.059686302404855
428,"RS",TRUE,FALSE,0.25,191,25,13.0890052356021,166,9,3,500,0.580977225380277,0.0649143275742741,0.623914713207652,0.0834747930528749,0.453163021534882,0.0596487197680277
429,"RS",TRUE,FALSE,0.25,191,25,13.0890052356021,166,4,5,500,0.608497007672207,0.064759423820195,0.590811787899428,0.0675436028587951,0.482144105879687,0.0594831741569302
430,"RS",TRUE,FALSE,0.25,191,25,13.0890052356021,166,9,5,500,0.577256951688611,0.0659624542230396,0.629341207607904,0.0794899088158,0.452145344819095,0.0595924308944945
431,"RS",TRUE,FALSE,0.25,191,25,13.0890052356021,166,4,10,500,0.614415776684801,0.0646732931054672,0.582948018250906,0.0677219872073505,0.491323199200886,0.0574994092531081
432,"RS",TRUE,FALSE,0.25,191,25,13.0890052356021,166,9,10,500,0.585348316219169,0.0555993514530445,0.618667372021507,0.0764771310991295,0.460969509815985,0.0514282769672154
433,"LOYO",TRUE,FALSE,0.5,191,56,29.3193717277487,135,4,1,100,1.3095622930484,0.548658197692719,-0.746330950975202,0.814838432454519,1.06136360673944,0.513053378337816
434,"LOYO",TRUE,FALSE,0.5,191,56,29.3193717277487,135,9,1,100,1.3850985166631,0.556926322895887,-0.902022298197843,0.758138152436795,1.09027074938988,0.539392387069816
435,"LOYO",TRUE,FALSE,0.5,191,56,29.3193717277487,135,4,3,100,1.3213755094801,0.57456594103494,-0.813346687411369,0.9281011054697,1.0953153553291,0.505094945567792
436,"LOYO",TRUE,FALSE,0.5,191,56,29.3193717277487,135,9,3,100,1.36696966328813,0.500452441930096,-0.929187339775054,0.864499178741955,1.07843197569876,0.50023751693219
437,"LOYO",TRUE,FALSE,0.5,191,56,29.3193717277487,135,4,5,100,1.32206059083251,0.55609971921731,-0.845676523193114,0.972399584011924,1.09340085801449,0.492601258174859
438,"LOYO",TRUE,FALSE,0.5,191,56,29.3193717277487,135,9,5,100,1.3554903026791,0.559700614886843,-0.90224723043044,0.930344340843371,1.08826328265366,0.548622316585559
439,"LOYO",TRUE,FALSE,0.5,191,56,29.3193717277487,135,4,10,100,1.32615568308547,0.559664337843028,-0.815773012660877,0.893411772011589,1.09758067379761,0.496107056387908
440,"LOYO",TRUE,FALSE,0.5,191,56,29.3193717277487,135,9,10,100,1.33346236466675,0.519963943610546,-0.785171216790446,0.731999258482506,1.06081072217237,0.519235864163346
441,"LOYO",TRUE,FALSE,0.5,191,56,29.3193717277487,135,4,1,300,1.33046038489772,0.581756775497044,-0.81915062946609,0.906858622977269,1.09369369553231,0.527725124839584
442,"LOYO",TRUE,FALSE,0.5,191,56,29.3193717277487,135,9,1,300,1.35519517808304,0.535890355759596,-0.822360532948486,0.714157617248346,1.06690475158378,0.516573236606327
443,"LOYO",TRUE,FALSE,0.5,191,56,29.3193717277487,135,4,3,300,1.3253834800151,0.566659375011084,-0.832256651916327,0.939071757634646,1.09848184474323,0.502702383766411
444,"LOYO",TRUE,FALSE,0.5,191,56,29.3193717277487,135,9,3,300,1.38191424638619,0.522025849580012,-0.910145252128517,0.741885236363783,1.08838753872349,0.511475743640585
445,"LOYO",TRUE,FALSE,0.5,191,56,29.3193717277487,135,4,5,300,1.3174884319913,0.551994685767919,-0.793729690991699,0.880587195146326,1.08112570071967,0.494123498866296
446,"LOYO",TRUE,FALSE,0.5,191,56,29.3193717277487,135,9,5,300,1.37319138991314,0.539117322655776,-0.880292047158409,0.749820800715075,1.08407108923232,0.515817106450837
447,"LOYO",TRUE,FALSE,0.5,191,56,29.3193717277487,135,4,10,300,1.34330552445112,0.547290844066456,-0.895600408864677,0.966272997670591,1.12107132495707,0.47756650584998
448,"LOYO",TRUE,FALSE,0.5,191,56,29.3193717277487,135,9,10,300,1.36272774003871,0.558048818473288,-0.845154192067615,0.760966867770239,1.0803021773546,0.544634154823051
449,"LOYO",TRUE,FALSE,0.5,191,56,29.3193717277487,135,4,1,500,1.33338032396585,0.564382573564664,-0.841931985526296,0.9183203307547,1.09420938734131,0.514726362548604
450,"LOYO",TRUE,FALSE,0.5,191,56,29.3193717277487,135,9,1,500,1.35350334130398,0.563042492591885,-0.861137463967018,0.855549667411045,1.0765103416638,0.543755943659131
451,"LOYO",TRUE,FALSE,0.5,191,56,29.3193717277487,135,4,3,500,1.30080529031843,0.560653922601234,-0.755302289522874,0.889825216623403,1.07588535637025,0.497106035986109
452,"LOYO",TRUE,FALSE,0.5,191,56,29.3193717277487,135,9,3,500,1.3842382087624,0.546146786272941,-0.897337748780059,0.732937543542843,1.09026819173866,0.530628364070201
453,"LOYO",TRUE,FALSE,0.5,191,56,29.3193717277487,135,4,5,500,1.32842958992124,0.588496882450342,-0.816361643760824,0.919165737063033,1.09738551761366,0.527293617317233
454,"LOYO",TRUE,FALSE,0.5,191,56,29.3193717277487,135,9,5,500,1.36832805526828,0.534011427598249,-0.870966649091394,0.749392898555992,1.07929744500936,0.518064599111575
455,"LOYO",TRUE,FALSE,0.5,191,56,29.3193717277487,135,4,10,500,1.32278925202994,0.557665984329578,-0.820886971633865,0.918300016175585,1.09374807617738,0.501491824506961
456,"LOYO",TRUE,FALSE,0.5,191,56,29.3193717277487,135,9,10,500,1.3363788523555,0.545029986697155,-0.805170626204467,0.798597666405382,1.06368433069318,0.52017897651912
457,"RS",TRUE,FALSE,0.5,191,56,29.3193717277487,135,4,1,100,0.657626092017699,0.0973286058355068,0.520848769743908,0.100707506391071,0.501314904389645,0.072611375977319
458,"RS",TRUE,FALSE,0.5,191,56,29.3193717277487,135,9,1,100,0.620863841931994,0.0804998772979674,0.575399666441039,0.0612318167511237,0.472378737330354,0.0694193744745454
459,"RS",TRUE,FALSE,0.5,191,56,29.3193717277487,135,4,3,100,0.658167909245979,0.102837130484001,0.518892178757593,0.112935615781693,0.501455493768017,0.0750709900023675
460,"RS",TRUE,FALSE,0.5,191,56,29.3193717277487,135,9,3,100,0.6203458355214,0.0871921712172873,0.576079114226951,0.0685568999147478,0.466260888855248,0.0685400507868348
461,"RS",TRUE,FALSE,0.5,191,56,29.3193717277487,135,4,5,100,0.663257772933413,0.0975435491906098,0.514324557287909,0.0917168405530306,0.504804679776902,0.0767093355660191
462,"RS",TRUE,FALSE,0.5,191,56,29.3193717277487,135,9,5,100,0.627178536502367,0.0814127327121455,0.566409816199866,0.0666644158272265,0.479382230641291,0.0694808362247798
463,"RS",TRUE,FALSE,0.5,191,56,29.3193717277487,135,4,10,100,0.677623029367284,0.0955364024663102,0.492982521310448,0.0922903709680742,0.518166693388366,0.0721298126845331
464,"RS",TRUE,FALSE,0.5,191,56,29.3193717277487,135,9,10,100,0.642342302502722,0.0914279216556768,0.546406925988557,0.0712005168200529,0.485448814496816,0.0729873968547197
465,"RS",TRUE,FALSE,0.5,191,56,29.3193717277487,135,4,1,300,0.652035686489381,0.0934616342287776,0.530025813380546,0.0885154504074657,0.498655817338948,0.0713315275765194
466,"RS",TRUE,FALSE,0.5,191,56,29.3193717277487,135,9,1,300,0.617048078793377,0.0843065894868065,0.58048085150072,0.0679262380999272,0.46999777651455,0.0728297329640915
467,"RS",TRUE,FALSE,0.5,191,56,29.3193717277487,135,4,3,300,0.660046226402428,0.0999669049206021,0.516515064034441,0.107829708571526,0.504552524774369,0.0732858187219657
468,"RS",TRUE,FALSE,0.5,191,56,29.3193717277487,135,9,3,300,0.619995984616268,0.0865375093278767,0.576662321228212,0.0679304327836855,0.466726986754065,0.0727748031546129
469,"RS",TRUE,FALSE,0.5,191,56,29.3193717277487,135,4,5,300,0.661402349914537,0.0952724041122117,0.515726205142034,0.0960754766471137,0.503499924429255,0.0724788356152158
470,"RS",TRUE,FALSE,0.5,191,56,29.3193717277487,135,9,5,300,0.623859715352339,0.0784691252396327,0.571604538632541,0.0568506572710784,0.472564568286636,0.0667554452756945
471,"RS",TRUE,FALSE,0.5,191,56,29.3193717277487,135,4,10,300,0.673056718633547,0.0944687419348036,0.497926615365613,0.1009620485151,0.516952971838825,0.0706635467257838
472,"RS",TRUE,FALSE,0.5,191,56,29.3193717277487,135,9,10,300,0.637744291404245,0.0858668340231511,0.55241287648059,0.0664595566666402,0.482436779220277,0.0715087514945692
473,"RS",TRUE,FALSE,0.5,191,56,29.3193717277487,135,4,1,500,0.652031214589933,0.0953118358746226,0.529987934498656,0.0913597354136771,0.49812234262203,0.0722027273063837
474,"RS",TRUE,FALSE,0.5,191,56,29.3193717277487,135,9,1,500,0.617321658709511,0.0860700432015031,0.580240442005783,0.0693351700383969,0.470630781323781,0.0741301378863853
475,"RS",TRUE,FALSE,0.5,191,56,29.3193717277487,135,4,3,500,0.660604905111432,0.0986962346145182,0.515431749173126,0.107879534007729,0.504318843727308,0.0733048199177373
476,"RS",TRUE,FALSE,0.5,191,56,29.3193717277487,135,9,3,500,0.621251870802787,0.0864742467682758,0.575134706625708,0.0668662913414267,0.470095408572045,0.0722795224842262
477,"RS",TRUE,FALSE,0.5,191,56,29.3193717277487,135,4,5,500,0.660903524702779,0.0936567348383141,0.51624180949679,0.0958162506580424,0.504874727685104,0.0699921591919977
478,"RS",TRUE,FALSE,0.5,191,56,29.3193717277487,135,9,5,500,0.624157796734758,0.0800827715983796,0.571346312113977,0.0575686595182606,0.474176264464055,0.0681085878647334
479,"RS",TRUE,FALSE,0.5,191,56,29.3193717277487,135,4,10,500,0.674149535011094,0.0949279011566125,0.49635508172989,0.101199158384001,0.517672857115464,0.0693769106746282
480,"RS",TRUE,FALSE,0.5,191,56,29.3193717277487,135,9,10,500,0.636767576191384,0.0843423248657271,0.553665565640361,0.0652969782431503,0.481017347079799,0.0709880589537056
481,"LOYO",TRUE,FALSE,0.75,191,77,40.3141361256544,114,4,1,100,1.29831416613972,0.587571925746437,-0.740368335402362,0.810332411655912,1.07608394634831,0.522672936412787
482,"LOYO",TRUE,FALSE,0.75,191,77,40.3141361256544,114,9,1,100,1.3257135974888,0.646589479214548,-0.756705536271605,0.794096757446852,1.06257590571422,0.58805522535382
483,"LOYO",TRUE,FALSE,0.75,191,77,40.3141361256544,114,4,3,100,1.30161227568408,0.603889154344779,-0.759111485623889,0.855444580030385,1.06732829212009,0.536003385112452
484,"LOYO",TRUE,FALSE,0.75,191,77,40.3141361256544,114,9,3,100,1.35782055069179,0.660781214972266,-0.812593890119532,0.771175673972992,1.08823602290106,0.605914059528114
485,"LOYO",TRUE,FALSE,0.75,191,77,40.3141361256544,114,4,5,100,1.32434933320878,0.616569679818478,-0.76204832663868,0.759236904493624,1.09988276860572,0.539343441557151
486,"LOYO",TRUE,FALSE,0.75,191,77,40.3141361256544,114,9,5,100,1.35940420460895,0.618657557346527,-0.814703632502718,0.676253509652751,1.08285907848339,0.567756077308763
487,"LOYO",TRUE,FALSE,0.75,191,77,40.3141361256544,114,4,10,100,1.28148239353983,0.603316208985812,-0.71728737396449,0.865863658828295,1.07716360989513,0.516478817463558
488,"LOYO",TRUE,FALSE,0.75,191,77,40.3141361256544,114,9,10,100,1.37529310467147,0.659750029430358,-0.85424911869726,0.75990920930962,1.10036118922113,0.609937239400892
489,"LOYO",TRUE,FALSE,0.75,191,77,40.3141361256544,114,4,1,300,1.30929285640561,0.632272527182796,-0.739127855560784,0.814760641201229,1.08169675314301,0.557143110598725
490,"LOYO",TRUE,FALSE,0.75,191,77,40.3141361256544,114,9,1,300,1.32040374740802,0.609071813467888,-0.724422080051248,0.683555684118192,1.05077677527301,0.569592062279315
491,"LOYO",TRUE,FALSE,0.75,191,77,40.3141361256544,114,4,3,300,1.321562115659,0.659923327708486,-0.741069669391638,0.808423387807104,1.09331817976926,0.580120422017993
492,"LOYO",TRUE,FALSE,0.75,191,77,40.3141361256544,114,9,3,300,1.33742176739,0.611435249196649,-0.799946741160361,0.761570237121947,1.06642700752236,0.561014422858573
493,"LOYO",TRUE,FALSE,0.75,191,77,40.3141361256544,114,4,5,300,1.31662822732594,0.629054877428007,-0.755142575321226,0.805955403896564,1.08614974799878,0.552345086034759
494,"LOYO",TRUE,FALSE,0.75,191,77,40.3141361256544,114,9,5,300,1.3123252057423,0.643189319839122,-0.732344601419485,0.804816776272782,1.05025610568721,0.599094680794289
495,"LOYO",TRUE,FALSE,0.75,191,77,40.3141361256544,114,4,10,300,1.29610975646672,0.578244944746175,-0.7706263918964,0.88156341320434,1.08410642014719,0.50073731038386
496,"LOYO",TRUE,FALSE,0.75,191,77,40.3141361256544,114,9,10,300,1.34725441592412,0.567298327850375,-0.841347035347663,0.729655095985412,1.07768675938173,0.533479867692623
497,"LOYO",TRUE,FALSE,0.75,191,77,40.3141361256544,114,4,1,500,1.30816402998797,0.630377275646321,-0.720001403333941,0.778692294892149,1.07693945969615,0.552055988037665
498,"LOYO",TRUE,FALSE,0.75,191,77,40.3141361256544,114,9,1,500,1.34290332261966,0.618835546323956,-0.785143852083722,0.709132461680291,1.07359759964592,0.572831196613567
499,"LOYO",TRUE,FALSE,0.75,191,77,40.3141361256544,114,4,3,500,1.31870592094998,0.652518667894369,-0.747197738824373,0.8194745353791,1.08732550419077,0.576483427742106
500,"LOYO",TRUE,FALSE,0.75,191,77,40.3141361256544,114,9,3,500,1.345214649141,0.623796723594891,-0.803536377366072,0.74677217811492,1.07940664114466,0.58202926074341
501,"LOYO",TRUE,FALSE,0.75,191,77,40.3141361256544,114,4,5,500,1.29041347070916,0.631540682920035,-0.704139318985167,0.833328569082174,1.07592774158977,0.548707781869338
502,"LOYO",TRUE,FALSE,0.75,191,77,40.3141361256544,114,9,5,500,1.3280590551432,0.580337768419351,-0.769226678547812,0.691127606488054,1.05544184969704,0.541126147072856
503,"LOYO",TRUE,FALSE,0.75,191,77,40.3141361256544,114,4,10,500,1.30238142960042,0.619681625505017,-0.728360586941603,0.807423359117845,1.08316383227745,0.543493053071558
504,"LOYO",TRUE,FALSE,0.75,191,77,40.3141361256544,114,9,10,500,1.32715721605736,0.596338938668777,-0.796389397639152,0.78915785416504,1.06131398860928,0.55232390622047
505,"RS",TRUE,FALSE,0.75,191,77,40.3141361256544,114,4,1,100,0.693893888028075,0.105554442990693,0.417475618018748,0.156285866267656,0.554915594946023,0.103466713081322
506,"RS",TRUE,FALSE,0.75,191,77,40.3141361256544,114,9,1,100,0.635752493059874,0.102163542985527,0.50832987310717,0.140227874578694,0.510154007746192,0.0929513381676925
507,"RS",TRUE,FALSE,0.75,191,77,40.3141361256544,114,4,3,100,0.681888721112274,0.0955018782159331,0.434403529483597,0.149276325802483,0.549162536959241,0.0929177555079961
508,"RS",TRUE,FALSE,0.75,191,77,40.3141361256544,114,9,3,100,0.655107021609697,0.10544097256595,0.480677229202483,0.140559855661405,0.529890136028825,0.0962497691652178
509,"RS",TRUE,FALSE,0.75,191,77,40.3141361256544,114,4,5,100,0.692526128304971,0.106934425228128,0.418362146398126,0.159002363401915,0.561715408035222,0.112749314979003
510,"RS",TRUE,FALSE,0.75,191,77,40.3141361256544,114,9,5,100,0.643597790216386,0.0987816939802393,0.492941476587332,0.14856707112822,0.52132438112767,0.09066381670741
511,"RS",TRUE,FALSE,0.75,191,77,40.3141361256544,114,4,10,100,0.706721142643552,0.115094177702203,0.394437247437867,0.172422001940362,0.571833822238508,0.111192499805514
512,"RS",TRUE,FALSE,0.75,191,77,40.3141361256544,114,9,10,100,0.665987314264243,0.107583709911565,0.461732720037961,0.151187496504078,0.539833886057919,0.0993049506927187
513,"RS",TRUE,FALSE,0.75,191,77,40.3141361256544,114,4,1,300,0.688526273932461,0.10609536840228,0.426573367006692,0.153751682955713,0.552723681989669,0.103867574002681
514,"RS",TRUE,FALSE,0.75,191,77,40.3141361256544,114,9,1,300,0.641981250618353,0.101503061030645,0.49906969133789,0.140108144306097,0.515909950798192,0.0954033251727791
515,"RS",TRUE,FALSE,0.75,191,77,40.3141361256544,114,4,3,300,0.685400173005805,0.0973010637737067,0.431983100999453,0.143132323513779,0.55164395289439,0.0989526577294629
516,"RS",TRUE,FALSE,0.75,191,77,40.3141361256544,114,9,3,300,0.648510476422926,0.101271042670064,0.4877866540974,0.144436067186867,0.526334369605042,0.0929855860578589
517,"RS",TRUE,FALSE,0.75,191,77,40.3141361256544,114,4,5,300,0.691108367763927,0.103181689021204,0.424435404950642,0.141948232024316,0.559443438803507,0.106485964553787
518,"RS",TRUE,FALSE,0.75,191,77,40.3141361256544,114,9,5,300,0.643114201168651,0.0998926279971432,0.496188730491878,0.143058268917661,0.51899255216679,0.093531510979864
519,"RS",TRUE,FALSE,0.75,191,77,40.3141361256544,114,4,10,300,0.710059396405996,0.111974274995582,0.39186457838663,0.160069856961718,0.576742596494338,0.108653459969004
520,"RS",TRUE,FALSE,0.75,191,77,40.3141361256544,114,9,10,300,0.662703930211623,0.105550357629198,0.466994771222573,0.148765509421497,0.538506920867656,0.0979281844863661
521,"RS",TRUE,FALSE,0.75,191,77,40.3141361256544,114,4,1,500,0.687216229180601,0.108900074482095,0.42909218940435,0.154708563255572,0.553319203848615,0.106032600411367
522,"RS",TRUE,FALSE,0.75,191,77,40.3141361256544,114,9,1,500,0.644398367617443,0.0989512557803029,0.495590231870188,0.137118658171155,0.51703572297121,0.0930510739273671
523,"RS",TRUE,FALSE,0.75,191,77,40.3141361256544,114,4,3,500,0.687745367235683,0.10344327236151,0.428109547080997,0.150544632504628,0.554053132097221,0.103286098339609
524,"RS",TRUE,FALSE,0.75,191,77,40.3141361256544,114,9,3,500,0.648314338327439,0.103527759284384,0.487097622061555,0.148989739892621,0.524804854806485,0.0947970811140254
525,"RS",TRUE,FALSE,0.75,191,77,40.3141361256544,114,4,5,500,0.691248953007886,0.106905346277712,0.424036369518131,0.14853352509378,0.559514144515716,0.107378811244959
526,"RS",TRUE,FALSE,0.75,191,77,40.3141361256544,114,9,5,500,0.64580057773153,0.101124199377447,0.492049126611182,0.144219390576234,0.520602807543819,0.0946921560515512
527,"RS",TRUE,FALSE,0.75,191,77,40.3141361256544,114,4,10,500,0.709509641136582,0.116433153380055,0.392940578348236,0.164453329789771,0.577149068155105,0.11258715532155
528,"RS",TRUE,FALSE,0.75,191,77,40.3141361256544,114,9,10,500,0.661930940623873,0.106581070116803,0.467615564298662,0.151018064491432,0.536857965812447,0.0981784264601613
529,"LOYO",TRUE,FALSE,1,191,93,48.6910994764398,98,4,1,100,1.33072068734416,0.763753148745106,-0.788129094636785,0.844732410011079,1.08372402162866,0.673726748302484
530,"LOYO",TRUE,FALSE,1,191,93,48.6910994764398,98,9,1,100,1.30313195221761,0.744581425488119,-0.689881701512028,0.761295498631022,1.03374170864312,0.669632260275363
531,"LOYO",TRUE,FALSE,1,191,93,48.6910994764398,98,4,3,100,1.33231736424537,0.698575296289657,-0.849600151175239,0.829130275676428,1.12112881626474,0.581466583876051
532,"LOYO",TRUE,FALSE,1,191,93,48.6910994764398,98,9,3,100,1.32387485049904,0.791584087128097,-0.792532122186579,0.937983903315893,1.06174215822838,0.724213866686804
533,"LOYO",TRUE,FALSE,1,191,93,48.6910994764398,98,4,5,100,1.31897617174805,0.741824831276022,-0.809310245080495,0.895062548982014,1.08885185960055,0.639760725530353
534,"LOYO",TRUE,FALSE,1,191,93,48.6910994764398,98,9,5,100,1.29705278679503,0.768155503428092,-0.702727890001797,0.858424905345535,1.04323631532082,0.697675330370555
535,"LOYO",TRUE,FALSE,1,191,93,48.6910994764398,98,4,10,100,1.30989586186528,0.73575062369767,-0.756437448832498,0.82785149827168,1.09654519465685,0.626942280391637
536,"LOYO",TRUE,FALSE,1,191,93,48.6910994764398,98,9,10,100,1.30647680005495,0.799300905249738,-0.731788669020331,0.929438116526516,1.05781247699111,0.72293064464237
537,"LOYO",TRUE,FALSE,1,191,93,48.6910994764398,98,4,1,300,1.31074592476759,0.73501161061559,-0.762369924370593,0.83340095825863,1.07249677982373,0.640569618580516
538,"LOYO",TRUE,FALSE,1,191,93,48.6910994764398,98,9,1,300,1.28256114128739,0.778788373761136,-0.649022501760094,0.85681184172116,1.01633303886469,0.711899908817595
539,"LOYO",TRUE,FALSE,1,191,93,48.6910994764398,98,4,3,300,1.30411187133006,0.74233302570843,-0.747571277222606,0.851776883198937,1.08366303164081,0.631487456611126
540,"LOYO",TRUE,FALSE,1,191,93,48.6910994764398,98,9,3,300,1.2896341077802,0.749273794958741,-0.6734910564604,0.803003564823662,1.02332327162665,0.679554992607455
541,"LOYO",TRUE,FALSE,1,191,93,48.6910994764398,98,4,5,300,1.29200355521678,0.748855426490829,-0.720483873864037,0.870243632436756,1.07271318266169,0.636867216891906
542,"LOYO",TRUE,FALSE,1,191,93,48.6910994764398,98,9,5,300,1.30201906876517,0.766476859504203,-0.705404779295637,0.839482140726367,1.03579845219179,0.692491136981939
543,"LOYO",TRUE,FALSE,1,191,93,48.6910994764398,98,4,10,300,1.32735717095646,0.766239260884371,-0.795999449058288,0.878356374562743,1.10647427148452,0.657832757954855
544,"LOYO",TRUE,FALSE,1,191,93,48.6910994764398,98,9,10,300,1.31449468153566,0.752114401371596,-0.743297733978806,0.816711347035066,1.05562124570403,0.680004494901222
545,"LOYO",TRUE,FALSE,1,191,93,48.6910994764398,98,4,1,500,1.30219058375479,0.739683250787744,-0.727509707312346,0.819386318379506,1.06850560122266,0.646003992995905
546,"LOYO",TRUE,FALSE,1,191,93,48.6910994764398,98,9,1,500,1.29468675837752,0.751188283754751,-0.693761275588916,0.818633729486886,1.02791809237795,0.677426850428338
547,"LOYO",TRUE,FALSE,1,191,93,48.6910994764398,98,4,3,500,1.29768216261421,0.741248734901174,-0.72326675380587,0.835609223657425,1.07523202351901,0.633748236019367
548,"LOYO",TRUE,FALSE,1,191,93,48.6910994764398,98,9,3,500,1.2974295139921,0.765656469454169,-0.70353419228903,0.853026299036791,1.04093235435998,0.693219248417303
549,"LOYO",TRUE,FALSE,1,191,93,48.6910994764398,98,4,5,500,1.31741650966382,0.746825603673258,-0.773101087076392,0.844524261542186,1.09439552436613,0.637046887272081
550,"LOYO",TRUE,FALSE,1,191,93,48.6910994764398,98,9,5,500,1.30428761303384,0.756363048420696,-0.722271625009659,0.835371981382063,1.04417112780757,0.686133458244927
551,"LOYO",TRUE,FALSE,1,191,93,48.6910994764398,98,4,10,500,1.30688943356179,0.724668879689767,-0.775990640940168,0.859850502775229,1.08641108868848,0.622359692684363
552,"LOYO",TRUE,FALSE,1,191,93,48.6910994764398,98,9,10,500,1.32679998063,0.749028114518289,-0.786431521215406,0.828392054693291,1.05976522931919,0.684807655542147
553,"RS",TRUE,FALSE,1,191,93,48.6910994764398,98,4,1,100,0.767743411407869,0.15281555223287,0.402306186557057,0.128736649743842,0.604095938134408,0.12762421517495
554,"RS",TRUE,FALSE,1,191,93,48.6910994764398,98,9,1,100,0.742504145000668,0.143951453927111,0.438007413488322,0.128197743974845,0.58870012268841,0.111838212962176
555,"RS",TRUE,FALSE,1,191,93,48.6910994764398,98,4,3,100,0.793350416089076,0.157438000941123,0.359551854676616,0.14152141176965,0.620490823955898,0.133135908356435
556,"RS",TRUE,FALSE,1,191,93,48.6910994764398,98,9,3,100,0.763939175048503,0.157216213773025,0.410849725466711,0.122041843021816,0.598982022451526,0.122861298043115
557,"RS",TRUE,FALSE,1,191,93,48.6910994764398,98,4,5,100,0.784319735464492,0.142397020115877,0.37518087922102,0.120900058851881,0.617886528137976,0.119490377198734
558,"RS",TRUE,FALSE,1,191,93,48.6910994764398,98,9,5,100,0.770034251720412,0.16425601545896,0.39965295571642,0.135611876140512,0.598993086887052,0.129638619573324
559,"RS",TRUE,FALSE,1,191,93,48.6910994764398,98,4,10,100,0.796816918457945,0.149157660764889,0.357284383878125,0.116405460683519,0.630954459036963,0.120644260515747
560,"RS",TRUE,FALSE,1,191,93,48.6910994764398,98,9,10,100,0.783331882577101,0.150496131521966,0.375922499337737,0.134460286779169,0.612459785051722,0.121377522541534
561,"RS",TRUE,FALSE,1,191,93,48.6910994764398,98,4,1,300,0.774154208920716,0.152978598027391,0.392317257855949,0.12681502036945,0.609723096001384,0.121323888570835
562,"RS",TRUE,FALSE,1,191,93,48.6910994764398,98,9,1,300,0.753959125261201,0.150393508285191,0.424576329971641,0.117679983031752,0.595849689019729,0.116998403258513
563,"RS",TRUE,FALSE,1,191,93,48.6910994764398,98,4,3,300,0.778077992085121,0.161171506462994,0.388649463702298,0.124283728811734,0.611878981186927,0.129086492681599
564,"RS",TRUE,FALSE,1,191,93,48.6910994764398,98,9,3,300,0.761052839066499,0.153509107164474,0.413736705737699,0.122772492639327,0.596281858991541,0.119685958240428
565,"RS",TRUE,FALSE,1,191,93,48.6910994764398,98,4,5,300,0.784431735346211,0.15836710807395,0.379542518332549,0.114776025237165,0.616005836373526,0.124286949389053
566,"RS",TRUE,FALSE,1,191,93,48.6910994764398,98,9,5,300,0.763847903779894,0.160957601648967,0.408809375287596,0.134835275094358,0.596937800826513,0.126811692393271
567,"RS",TRUE,FALSE,1,191,93,48.6910994764398,98,4,10,300,0.78832926757965,0.154905597294331,0.371756453254642,0.121812961072106,0.623595084370595,0.125958658102727
568,"RS",TRUE,FALSE,1,191,93,48.6910994764398,98,9,10,300,0.772674265421128,0.14656080958255,0.393265872944771,0.122980178874176,0.603279234074371,0.118076622869508
569,"RS",TRUE,FALSE,1,191,93,48.6910994764398,98,4,1,500,0.776110780470556,0.150163344428528,0.390593543060146,0.115585054108375,0.612775809683157,0.118414146240572
570,"RS",TRUE,FALSE,1,191,93,48.6910994764398,98,9,1,500,0.755552905970174,0.148826637311381,0.42179599436568,0.117980313616239,0.59588987337279,0.116844992334572
571,"RS",TRUE,FALSE,1,191,93,48.6910994764398,98,4,3,500,0.780271313221282,0.157506997246425,0.385798269513449,0.11595437327063,0.61300385530454,0.125703945008999
572,"RS",TRUE,FALSE,1,191,93,48.6910994764398,98,9,3,500,0.759723736077012,0.148851456027207,0.415088079238905,0.11939810225698,0.595188071316193,0.11655542934639
573,"RS",TRUE,FALSE,1,191,93,48.6910994764398,98,4,5,500,0.782589968652686,0.155672965234838,0.381401325028907,0.11693623635153,0.614900040436902,0.122866959898574
574,"RS",TRUE,FALSE,1,191,93,48.6910994764398,98,9,5,500,0.765265030614711,0.162565612756022,0.407585487959184,0.133295765678683,0.598923007408394,0.127408690712933
575,"RS",TRUE,FALSE,1,191,93,48.6910994764398,98,4,10,500,0.788438608462505,0.152644189237953,0.371123171743935,0.119107547991288,0.621633199236927,0.125856351196483
576,"RS",TRUE,FALSE,1,191,93,48.6910994764398,98,9,10,500,0.772621326262202,0.147925704325759,0.393547365294313,0.123538392523706,0.604220498875723,0.117630035906391
577,"LOYO",TRUE,TRUE,0.25,191,25,13.0890052356021,166,4,1,100,1.34941378213636,0.632845371450417,-0.796587767375174,0.796361448219652,1.10238836126241,0.532401792391762
578,"LOYO",TRUE,TRUE,0.25,191,25,13.0890052356021,166,9,1,100,1.38392668515783,0.563461663339534,-0.895772418838424,0.730287363191108,1.09259245068311,0.521106511794923
579,"LOYO",TRUE,TRUE,0.25,191,25,13.0890052356021,166,4,3,100,1.36630549287622,0.6052367230369,-0.847662133403187,0.780922086111274,1.11356133310917,0.523877339448457
580,"LOYO",TRUE,TRUE,0.25,191,25,13.0890052356021,166,9,3,100,1.39984483786597,0.556702719555694,-0.930761348444606,0.698383361646809,1.10189138669921,0.513991640041796
581,"LOYO",TRUE,TRUE,0.25,191,25,13.0890052356021,166,4,5,100,1.3645485392923,0.584493237196765,-0.889707762696632,0.881487141796994,1.11059946329287,0.499445908095167
582,"LOYO",TRUE,TRUE,0.25,191,25,13.0890052356021,166,9,5,100,1.39729785189299,0.550675847538118,-0.90631654608312,0.627855468246398,1.10046542955365,0.521065169979265
583,"LOYO",TRUE,TRUE,0.25,191,25,13.0890052356021,166,4,10,100,1.35633798972984,0.577088157812652,-0.857972077923344,0.841753509488097,1.10135210858994,0.4943192706216
584,"LOYO",TRUE,TRUE,0.25,191,25,13.0890052356021,166,9,10,100,1.40063985256127,0.522520729309487,-0.944886738927735,0.686592548255832,1.10435978192422,0.481826354682901
585,"LOYO",TRUE,TRUE,0.25,191,25,13.0890052356021,166,4,1,300,1.31278255235278,0.611678831399269,-0.676704049404007,0.688811949194466,1.06796652692855,0.522185631169856
586,"LOYO",TRUE,TRUE,0.25,191,25,13.0890052356021,166,9,1,300,1.38727769717792,0.560322837690544,-0.887030261612161,0.669244604555852,1.08992703020523,0.514658276720558
587,"LOYO",TRUE,TRUE,0.25,191,25,13.0890052356021,166,4,3,300,1.35427302951281,0.583796403758532,-0.835170659704482,0.800666152759575,1.09948016952528,0.498130846728578
588,"LOYO",TRUE,TRUE,0.25,191,25,13.0890052356021,166,9,3,300,1.37729176665343,0.577159224272211,-0.83082110802023,0.600678344330642,1.07765109918616,0.52477046887641
589,"LOYO",TRUE,TRUE,0.25,191,25,13.0890052356021,166,4,5,300,1.35898254418606,0.581344543085663,-0.847213062026287,0.798546649333742,1.10243346606901,0.496316655412619
590,"LOYO",TRUE,TRUE,0.25,191,25,13.0890052356021,166,9,5,300,1.3895520782597,0.587153254266597,-0.864360146281581,0.623442896487124,1.09130003617481,0.539696063938072
591,"LOYO",TRUE,TRUE,0.25,191,25,13.0890052356021,166,4,10,300,1.35875390616212,0.579202242173705,-0.824667899013613,0.732841504366303,1.10686890846007,0.490438175408257
592,"LOYO",TRUE,TRUE,0.25,191,25,13.0890052356021,166,9,10,300,1.37953591465102,0.54209243048936,-0.876400456032094,0.672288992356166,1.08309241769538,0.501533383224146
593,"LOYO",TRUE,TRUE,0.25,191,25,13.0890052356021,166,4,1,500,1.3540369292942,0.578006438923396,-0.81435646782415,0.735702234554776,1.10407737905051,0.498848477154645
594,"LOYO",TRUE,TRUE,0.25,191,25,13.0890052356021,166,9,1,500,1.36282109275556,0.585248810806414,-0.800004016699247,0.637919653662481,1.07300344156528,0.538530623451099
595,"LOYO",TRUE,TRUE,0.25,191,25,13.0890052356021,166,4,3,500,1.33090706518894,0.602688335903593,-0.746238114963128,0.740777118232179,1.08554661397507,0.51623624087585
596,"LOYO",TRUE,TRUE,0.25,191,25,13.0890052356021,166,9,3,500,1.37443787850206,0.549365140737577,-0.852216844981441,0.647310350721157,1.07876898924411,0.508246092488851
597,"LOYO",TRUE,TRUE,0.25,191,25,13.0890052356021,166,4,5,500,1.3487070835073,0.599596402055193,-0.778551331655302,0.70426016622085,1.08991800113112,0.519014410019222
598,"LOYO",TRUE,TRUE,0.25,191,25,13.0890052356021,166,9,5,500,1.38394527077943,0.585787694853011,-0.854331228225119,0.636260124938783,1.08622467310521,0.535401804759345
599,"LOYO",TRUE,TRUE,0.25,191,25,13.0890052356021,166,4,10,500,1.34585617188615,0.606838467985744,-0.816350988110606,0.833843225031914,1.1010298864165,0.512018573861165
600,"LOYO",TRUE,TRUE,0.25,191,25,13.0890052356021,166,9,10,500,1.38037690689402,0.538821521304202,-0.890149040759253,0.706004010981788,1.08507287147937,0.497480697275463
601,"RS",TRUE,TRUE,0.25,191,25,13.0890052356021,166,4,1,100,0.601632818938902,0.0578473575352632,0.594382816785335,0.070360568769634,0.468432239841683,0.0543107068739376
602,"RS",TRUE,TRUE,0.25,191,25,13.0890052356021,166,9,1,100,0.573764198131873,0.0771096853380365,0.628778565166366,0.0918134959545363,0.439584681352809,0.0671413088571117
603,"RS",TRUE,TRUE,0.25,191,25,13.0890052356021,166,4,3,100,0.601325048060496,0.0696242884829399,0.59480163175895,0.080373531964539,0.47012153021542,0.0590152664498098
604,"RS",TRUE,TRUE,0.25,191,25,13.0890052356021,166,9,3,100,0.576121128501893,0.0716533657590228,0.624812927769059,0.0925870608338443,0.44232636319375,0.0618818294946769
605,"RS",TRUE,TRUE,0.25,191,25,13.0890052356021,166,4,5,100,0.592184865409746,0.0706826372181861,0.608273633856518,0.070104050036236,0.464657268645557,0.0668386182207442
606,"RS",TRUE,TRUE,0.25,191,25,13.0890052356021,166,9,5,100,0.576063484011108,0.0660952817005385,0.626188958178927,0.0836511053019665,0.445537719065838,0.0565482962345365
607,"RS",TRUE,TRUE,0.25,191,25,13.0890052356021,166,4,10,100,0.596840773190482,0.0721283486365908,0.603087486457769,0.0675051231514907,0.472019144727884,0.0604725458845311
608,"RS",TRUE,TRUE,0.25,191,25,13.0890052356021,166,9,10,100,0.576432439885695,0.0641053636436283,0.62559533339695,0.0865653502738219,0.450776150334662,0.0551114948849626
609,"RS",TRUE,TRUE,0.25,191,25,13.0890052356021,166,4,1,300,0.597574100195599,0.0673501752512323,0.601955241217447,0.0618218741436556,0.467044281721847,0.0588777726186445
610,"RS",TRUE,TRUE,0.25,191,25,13.0890052356021,166,9,1,300,0.567808910822515,0.075699228583196,0.638150248686876,0.0801652519561748,0.437990843504586,0.0646679760917999
611,"RS",TRUE,TRUE,0.25,191,25,13.0890052356021,166,4,3,300,0.604086272293804,0.0705304981587284,0.591874093208562,0.0752438240145671,0.474223769842832,0.0622450917381164
612,"RS",TRUE,TRUE,0.25,191,25,13.0890052356021,166,9,3,300,0.572124356704632,0.0730677457138871,0.630785558965325,0.0881890203606617,0.439814056954889,0.0635914774266213
613,"RS",TRUE,TRUE,0.25,191,25,13.0890052356021,166,4,5,300,0.596173766002752,0.0678329256725317,0.602813343423716,0.0688539496936839,0.468444755751917,0.0629746072792279
614,"RS",TRUE,TRUE,0.25,191,25,13.0890052356021,166,9,5,300,0.573995278505134,0.066731646993537,0.628828145559205,0.0829758430745766,0.443302346121462,0.0571281095471776
615,"RS",TRUE,TRUE,0.25,191,25,13.0890052356021,166,4,10,300,0.599326199136021,0.0674367458842785,0.599588666431674,0.0638759446143927,0.473591250802921,0.0602476853320658
616,"RS",TRUE,TRUE,0.25,191,25,13.0890052356021,166,9,10,300,0.571168434076799,0.0628672000532337,0.632144913687955,0.0847822403008911,0.445663426293949,0.0544194886735765
617,"RS",TRUE,TRUE,0.25,191,25,13.0890052356021,166,4,1,500,0.598329092571087,0.0691706286379458,0.600615927876965,0.0656634876166075,0.466992455427043,0.0606690342928641
618,"RS",TRUE,TRUE,0.25,191,25,13.0890052356021,166,9,1,500,0.568824146987914,0.0747535941433786,0.636621761600277,0.0804487836092995,0.438503648158396,0.0644767623978044
619,"RS",TRUE,TRUE,0.25,191,25,13.0890052356021,166,4,3,500,0.600770941997023,0.0707394218740194,0.596515985351493,0.0737587713863558,0.470425905704217,0.0630301772744273
620,"RS",TRUE,TRUE,0.25,191,25,13.0890052356021,166,9,3,500,0.569941288424509,0.0717037232943794,0.634009138561819,0.0850299975265325,0.438568131690395,0.0638129902228085
621,"RS",TRUE,TRUE,0.25,191,25,13.0890052356021,166,4,5,500,0.599284273621356,0.0667009205939883,0.598316350289697,0.0710456798355478,0.470842337837578,0.0602758722917181
622,"RS",TRUE,TRUE,0.25,191,25,13.0890052356021,166,9,5,500,0.571897663213332,0.0675153872172963,0.632017067067573,0.080343869661654,0.441911281040453,0.059298087966209
623,"RS",TRUE,TRUE,0.25,191,25,13.0890052356021,166,4,10,500,0.601670850586087,0.0668938720798761,0.596288258299819,0.0649822597622192,0.475638817270186,0.0599907940105099
624,"RS",TRUE,TRUE,0.25,191,25,13.0890052356021,166,9,10,500,0.568748413548256,0.0645982426184702,0.635300157811122,0.085055768961826,0.444095467923133,0.0572354783741118
625,"LOYO",TRUE,TRUE,0.5,191,56,29.3193717277487,135,4,1,100,1.31790346888117,0.595339228375578,-0.797246222625903,0.956526892322371,1.07533475396588,0.508190397555484
626,"LOYO",TRUE,TRUE,0.5,191,56,29.3193717277487,135,9,1,100,1.38095936861829,0.578074818449657,-0.918222572466815,0.87643385104606,1.0776601307868,0.56313736508577
627,"LOYO",TRUE,TRUE,0.5,191,56,29.3193717277487,135,4,3,100,1.36656895690001,0.619211324503197,-0.884789751347738,0.924577018077078,1.12108432894954,0.55350998952871
628,"LOYO",TRUE,TRUE,0.5,191,56,29.3193717277487,135,9,3,100,1.39805010004516,0.528669757800551,-1.0124978748723,0.967212027926161,1.08325775804227,0.507311787426085
629,"LOYO",TRUE,TRUE,0.5,191,56,29.3193717277487,135,4,5,100,1.37332917449651,0.626668258293964,-0.994004558817696,1.13625734651492,1.13286250622527,0.554134756978889
630,"LOYO",TRUE,TRUE,0.5,191,56,29.3193717277487,135,9,5,100,1.34734673527153,0.538038642396355,-0.849985269830911,0.870768151465291,1.05602917231733,0.504708550977673
631,"LOYO",TRUE,TRUE,0.5,191,56,29.3193717277487,135,4,10,100,1.36515917157413,0.580571936511903,-0.934238278617476,1.01066311548152,1.11374933010896,0.524580192874623
632,"LOYO",TRUE,TRUE,0.5,191,56,29.3193717277487,135,9,10,100,1.35954976146355,0.510548923878136,-0.875428326822524,0.834695830588831,1.08909646221473,0.479887499509514
633,"LOYO",TRUE,TRUE,0.5,191,56,29.3193717277487,135,4,1,300,1.33087177711607,0.585682680312625,-0.813794801933189,0.919278948523354,1.10234347255399,0.500923976445122
634,"LOYO",TRUE,TRUE,0.5,191,56,29.3193717277487,135,9,1,300,1.35387438949205,0.589345738778317,-0.817772465633273,0.804408152760056,1.0750547145187,0.549426738623155
635,"LOYO",TRUE,TRUE,0.5,191,56,29.3193717277487,135,4,3,300,1.32994814071975,0.616204550387909,-0.794043531592595,0.909488361953928,1.09785396327652,0.541852100871471
636,"LOYO",TRUE,TRUE,0.5,191,56,29.3193717277487,135,9,3,300,1.36939945113021,0.567676578437552,-0.890662660396436,0.867128357475187,1.07738828966166,0.532202312177052
637,"LOYO",TRUE,TRUE,0.5,191,56,29.3193717277487,135,4,5,300,1.32961773570353,0.594321257786272,-0.807659416702563,0.919699084209723,1.09608988288311,0.515298160509382
638,"LOYO",TRUE,TRUE,0.5,191,56,29.3193717277487,135,9,5,300,1.36556082654248,0.570205369190986,-0.850814611966506,0.79161214499663,1.07718570909715,0.52679081176496
639,"LOYO",TRUE,TRUE,0.5,191,56,29.3193717277487,135,4,10,300,1.31938997510133,0.565676049716443,-0.817109510492787,0.971846129023713,1.0920394313485,0.484194434641759
640,"LOYO",TRUE,TRUE,0.5,191,56,29.3193717277487,135,9,10,300,1.36289308880746,0.567586830023734,-0.84851153256031,0.799478576052555,1.07049076009205,0.535134568670122
641,"LOYO",TRUE,TRUE,0.5,191,56,29.3193717277487,135,4,1,500,1.34099615190413,0.603221788513872,-0.854899467697943,0.975151315133805,1.10196652811596,0.527545160677636
642,"LOYO",TRUE,TRUE,0.5,191,56,29.3193717277487,135,9,1,500,1.38827291682714,0.577870821662497,-0.899995244400164,0.781857389961336,1.08426259271349,0.539851491137907
643,"LOYO",TRUE,TRUE,0.5,191,56,29.3193717277487,135,4,3,500,1.32976076417005,0.609011206630368,-0.789798899631252,0.893725756182957,1.09094649502459,0.525068099144002
644,"LOYO",TRUE,TRUE,0.5,191,56,29.3193717277487,135,9,3,500,1.39069670674263,0.55596183081025,-0.937567742864228,0.839336713606409,1.08977305957101,0.523321354752419
645,"LOYO",TRUE,TRUE,0.5,191,56,29.3193717277487,135,4,5,500,1.33551662122944,0.592214103509839,-0.827738180500588,0.932630548111931,1.10326177801233,0.515638747271678
646,"LOYO",TRUE,TRUE,0.5,191,56,29.3193717277487,135,9,5,500,1.37726528180102,0.580762147506351,-0.899852121080425,0.855986308855129,1.08420790853219,0.548824936237355
647,"LOYO",TRUE,TRUE,0.5,191,56,29.3193717277487,135,4,10,500,1.33981244535522,0.570719514852641,-0.868396969849453,0.986780001762109,1.11531408547652,0.489322622950136
648,"LOYO",TRUE,TRUE,0.5,191,56,29.3193717277487,135,9,10,500,1.37608357359959,0.559897435205109,-0.933884511616831,0.928432754276994,1.08881799400087,0.528975924670299
649,"RS",TRUE,TRUE,0.5,191,56,29.3193717277487,135,4,1,100,0.649956603182155,0.0896485813062109,0.526170557308376,0.0940650541827618,0.490584180817338,0.0669500096240069
650,"RS",TRUE,TRUE,0.5,191,56,29.3193717277487,135,9,1,100,0.617782926319223,0.100020887667006,0.573541917991441,0.0892039933341097,0.459433979973055,0.0768475337753969
651,"RS",TRUE,TRUE,0.5,191,56,29.3193717277487,135,4,3,100,0.660351228164826,0.110640625509971,0.510947548897229,0.115635723138141,0.492351457622928,0.0793585547048088
652,"RS",TRUE,TRUE,0.5,191,56,29.3193717277487,135,9,3,100,0.61993930821342,0.0891917831637959,0.570728237607274,0.0788108365409108,0.467121099675246,0.0752362382396025
653,"RS",TRUE,TRUE,0.5,191,56,29.3193717277487,135,4,5,100,0.663382839545259,0.105692141768168,0.504390253292331,0.119916165512663,0.497132566204185,0.0782860275138694
654,"RS",TRUE,TRUE,0.5,191,56,29.3193717277487,135,9,5,100,0.61513085088906,0.0836822078030957,0.579085637455059,0.0587870492875129,0.463883208602735,0.0694307586311038
655,"RS",TRUE,TRUE,0.5,191,56,29.3193717277487,135,4,10,100,0.670893866099845,0.0924134056339856,0.496493471968792,0.0922180798097127,0.503818475334731,0.0689677407467064
656,"RS",TRUE,TRUE,0.5,191,56,29.3193717277487,135,9,10,100,0.628944832079508,0.0914520599958407,0.557949250133287,0.0833968447701514,0.469954227924011,0.0698376342488372
657,"RS",TRUE,TRUE,0.5,191,56,29.3193717277487,135,4,1,300,0.649588579721993,0.095755810319475,0.527566473795204,0.0944160519227284,0.490054541649438,0.0684970857396591
658,"RS",TRUE,TRUE,0.5,191,56,29.3193717277487,135,9,1,300,0.616262096615092,0.100532952004675,0.576775798009401,0.0844559359823673,0.460645580764808,0.0811514681555421
659,"RS",TRUE,TRUE,0.5,191,56,29.3193717277487,135,4,3,300,0.649116626130181,0.106408516990416,0.527256105826202,0.109852651417673,0.491107704543106,0.0763375263603817
660,"RS",TRUE,TRUE,0.5,191,56,29.3193717277487,135,9,3,300,0.616519102786528,0.0903499305498999,0.576492813690199,0.0714658516947733,0.462058761492035,0.0755286935783645
661,"RS",TRUE,TRUE,0.5,191,56,29.3193717277487,135,4,5,300,0.661413013629805,0.109054584639978,0.50773666337922,0.120497328689601,0.496265718079425,0.0769637773190025
662,"RS",TRUE,TRUE,0.5,191,56,29.3193717277487,135,9,5,300,0.619408587002478,0.0811391703984756,0.571402256796274,0.0685449891445493,0.463402975161624,0.0691678037950662
663,"RS",TRUE,TRUE,0.5,191,56,29.3193717277487,135,4,10,300,0.671651234996182,0.0907157284765565,0.493567545224507,0.0997785226690145,0.509055807423556,0.0656144045556115
664,"RS",TRUE,TRUE,0.5,191,56,29.3193717277487,135,9,10,300,0.629776851255842,0.0934312643256651,0.557126928801496,0.0829025245560432,0.470967101665787,0.0751691429819335
665,"RS",TRUE,TRUE,0.5,191,56,29.3193717277487,135,4,1,500,0.648741015273523,0.0970442229566113,0.528286507990826,0.098245448839331,0.488278032446054,0.0702233551386693
666,"RS",TRUE,TRUE,0.5,191,56,29.3193717277487,135,9,1,500,0.613085896475148,0.098214569982751,0.580954361132697,0.0824118948975884,0.459891926391591,0.0809790679835644
667,"RS",TRUE,TRUE,0.5,191,56,29.3193717277487,135,4,3,500,0.649747940918554,0.104673519680151,0.526099031119623,0.108802880159185,0.49183040165529,0.0747875595580919
668,"RS",TRUE,TRUE,0.5,191,56,29.3193717277487,135,9,3,500,0.61374659014054,0.0931530355717936,0.580070166247273,0.0762907464009211,0.459595158534704,0.0758525198995489
669,"RS",TRUE,TRUE,0.5,191,56,29.3193717277487,135,4,5,500,0.659601838142329,0.106180764905113,0.511032455859564,0.114666708052059,0.496663953159143,0.0745836384368283
670,"RS",TRUE,TRUE,0.5,191,56,29.3193717277487,135,9,5,500,0.621954989962977,0.0879807963467593,0.568206795255594,0.0746719878895981,0.465556797722013,0.0742839035672468
671,"RS",TRUE,TRUE,0.5,191,56,29.3193717277487,135,4,10,500,0.671054579000683,0.0942655821526461,0.494261512901315,0.104517519582968,0.507699736880056,0.0666277925890371
672,"RS",TRUE,TRUE,0.5,191,56,29.3193717277487,135,9,10,500,0.630511218041223,0.0919603732092631,0.555999826908794,0.0817779726135791,0.47095168373611,0.0727983968458446
673,"LOYO",TRUE,TRUE,0.75,191,77,40.3141361256544,114,4,1,100,1.33632300417549,0.599753746039073,-0.839135838847745,0.873816507835184,1.10540578975346,0.51744633809279
674,"LOYO",TRUE,TRUE,0.75,191,77,40.3141361256544,114,9,1,100,1.39601243454045,0.673155635259374,-0.855446101253985,0.622968962779229,1.10036715075046,0.611966745942974
675,"LOYO",TRUE,TRUE,0.75,191,77,40.3141361256544,114,4,3,100,1.32688311242402,0.656284199505028,-0.747378268487695,0.771210855872313,1.07678902803541,0.573612825899662
676,"LOYO",TRUE,TRUE,0.75,191,77,40.3141361256544,114,9,3,100,1.37315992216378,0.660575761993962,-0.832632923865317,0.698524730221435,1.07407106050077,0.602082230921203
677,"LOYO",TRUE,TRUE,0.75,191,77,40.3141361256544,114,4,5,100,1.36334107939986,0.676830820768634,-0.845446511449193,0.819684942033394,1.11568268826319,0.588740804924086
678,"LOYO",TRUE,TRUE,0.75,191,77,40.3141361256544,114,9,5,100,1.36739911528727,0.687664918952814,-0.855395359373526,0.835481549525292,1.08293406288584,0.620664940022466
679,"LOYO",TRUE,TRUE,0.75,191,77,40.3141361256544,114,4,10,100,1.3453820121794,0.6530086037995,-0.829214665302769,0.854217375530695,1.11592317795148,0.556785136161771
680,"LOYO",TRUE,TRUE,0.75,191,77,40.3141361256544,114,9,10,100,1.31779342535755,0.626486633345637,-0.687952208400142,0.630219788417424,1.04964023164377,0.558103719340073
681,"LOYO",TRUE,TRUE,0.75,191,77,40.3141361256544,114,4,1,300,1.31355862657371,0.685060280860501,-0.722982268022925,0.829458002339283,1.09313336385732,0.572296553802139
682,"LOYO",TRUE,TRUE,0.75,191,77,40.3141361256544,114,9,1,300,1.36151092898336,0.64179956860049,-0.838440223904149,0.760466717071787,1.08423386266073,0.57330895663145
683,"LOYO",TRUE,TRUE,0.75,191,77,40.3141361256544,114,4,3,300,1.32884751956111,0.65817945777457,-0.767659338426236,0.81043575231692,1.09739997302978,0.565321320946947
684,"LOYO",TRUE,TRUE,0.75,191,77,40.3141361256544,114,9,3,300,1.34249443297145,0.631006421892356,-0.762917204205265,0.671026629639571,1.06783368263817,0.562184035238943
685,"LOYO",TRUE,TRUE,0.75,191,77,40.3141361256544,114,4,5,300,1.35358127560833,0.640726165011735,-0.835693026128304,0.803625955745997,1.10813676991264,0.553613043875726
686,"LOYO",TRUE,TRUE,0.75,191,77,40.3141361256544,114,9,5,300,1.35994240863186,0.656395883795437,-0.809649919421064,0.720275487619992,1.07747378067424,0.590611864322214
687,"LOYO",TRUE,TRUE,0.75,191,77,40.3141361256544,114,4,10,300,1.32537970940133,0.635321568917247,-0.761494407357604,0.784996420879067,1.09539674965939,0.539605653540527
688,"LOYO",TRUE,TRUE,0.75,191,77,40.3141361256544,114,9,10,300,1.34631765204244,0.641601158088094,-0.787183523197084,0.727248364994709,1.06775120763486,0.577412238003198
689,"LOYO",TRUE,TRUE,0.75,191,77,40.3141361256544,114,4,1,500,1.34705724013569,0.666098316131515,-0.804285328049587,0.802580753327566,1.11178399607301,0.565223991821015
690,"LOYO",TRUE,TRUE,0.75,191,77,40.3141361256544,114,9,1,500,1.350647841078,0.655175269230896,-0.785009556713722,0.716112098174672,1.06912314013567,0.593926827616429
691,"LOYO",TRUE,TRUE,0.75,191,77,40.3141361256544,114,4,3,500,1.33089609350643,0.662894343227154,-0.769077269580765,0.808617857804508,1.10110725024437,0.560137727063524
692,"LOYO",TRUE,TRUE,0.75,191,77,40.3141361256544,114,9,3,500,1.36045957957773,0.655001944617132,-0.814506899746837,0.726880817387205,1.07564413134662,0.587416427534618
693,"LOYO",TRUE,TRUE,0.75,191,77,40.3141361256544,114,4,5,500,1.34099704416501,0.682771015910014,-0.798276488163503,0.846787524420481,1.10672215241353,0.583917074558877
694,"LOYO",TRUE,TRUE,0.75,191,77,40.3141361256544,114,9,5,500,1.36396984757774,0.64066309866711,-0.845770464121796,0.761473475416694,1.07684107547375,0.582301712951744
695,"LOYO",TRUE,TRUE,0.75,191,77,40.3141361256544,114,4,10,500,1.33246087560844,0.640685877512627,-0.792124647532103,0.825079509862708,1.104044633978,0.542099265836129
696,"LOYO",TRUE,TRUE,0.75,191,77,40.3141361256544,114,9,10,500,1.3435681739245,0.659290794324328,-0.810294731748195,0.82773073939275,1.06612825512858,0.598934877863449
697,"RS",TRUE,TRUE,0.75,191,77,40.3141361256544,114,4,1,100,0.680142429874092,0.110284130528649,0.421046242477006,0.179359640829778,0.540584814118827,0.102163208237624
698,"RS",TRUE,TRUE,0.75,191,77,40.3141361256544,114,9,1,100,0.636149232423999,0.106732184196803,0.494041930315421,0.158523685235316,0.502941713794249,0.100289991050089
699,"RS",TRUE,TRUE,0.75,191,77,40.3141361256544,114,4,3,100,0.675474378907975,0.107799554381303,0.433182274049868,0.159488545222775,0.541110544585225,0.105090041806945
700,"RS",TRUE,TRUE,0.75,191,77,40.3141361256544,114,9,3,100,0.637939092496334,0.100404802062121,0.493590710173642,0.145201769556185,0.509006550347927,0.0862318460140599
701,"RS",TRUE,TRUE,0.75,191,77,40.3141361256544,114,4,5,100,0.682694938219624,0.108822282862106,0.423655912207644,0.15973068723942,0.542586399940999,0.107466731020822
702,"RS",TRUE,TRUE,0.75,191,77,40.3141361256544,114,9,5,100,0.629462094685572,0.096642119828663,0.505457012639966,0.144581286055746,0.502180419066254,0.081525305282056
703,"RS",TRUE,TRUE,0.75,191,77,40.3141361256544,114,4,10,100,0.700435010626164,0.115308056933724,0.393516169468864,0.169525299343008,0.56690868934826,0.106141663664681
704,"RS",TRUE,TRUE,0.75,191,77,40.3141361256544,114,9,10,100,0.645299646325976,0.10820131354197,0.479732056896074,0.159229980691625,0.519214711659281,0.102003853453024
705,"RS",TRUE,TRUE,0.75,191,77,40.3141361256544,114,4,1,300,0.672932388479324,0.106992557377956,0.436844132046215,0.164844424985078,0.536110413647209,0.104793294101656
706,"RS",TRUE,TRUE,0.75,191,77,40.3141361256544,114,9,1,300,0.630230761075609,0.101594872042057,0.501476278108225,0.157359879868491,0.500891611600714,0.0914343312442334
707,"RS",TRUE,TRUE,0.75,191,77,40.3141361256544,114,4,3,300,0.679095495463319,0.109308624871759,0.427042333421941,0.168831416428172,0.542672464767687,0.106596423052651
708,"RS",TRUE,TRUE,0.75,191,77,40.3141361256544,114,9,3,300,0.632971144577846,0.104321680183373,0.499550365473227,0.15389731650069,0.506882610583803,0.0915961290375133
709,"RS",TRUE,TRUE,0.75,191,77,40.3141361256544,114,4,5,300,0.681435006456887,0.11009415722683,0.427459223220717,0.156994669603904,0.54403748330265,0.104883020543772
710,"RS",TRUE,TRUE,0.75,191,77,40.3141361256544,114,9,5,300,0.63790575979377,0.0992764878617267,0.491341067846552,0.151415315918759,0.510440088262967,0.0868740890918516
711,"RS",TRUE,TRUE,0.75,191,77,40.3141361256544,114,4,10,300,0.694679289252236,0.11286252804877,0.4048817756941,0.161862438289867,0.557273615345178,0.107677016433431
712,"RS",TRUE,TRUE,0.75,191,77,40.3141361256544,114,9,10,300,0.648179480663923,0.106843435516529,0.476324441371361,0.156394512269387,0.521519376164496,0.0979111103000386
713,"RS",TRUE,TRUE,0.75,191,77,40.3141361256544,114,4,1,500,0.673670158103291,0.10691675828196,0.437236196980591,0.161911234556264,0.537708975876423,0.103903075452589
714,"RS",TRUE,TRUE,0.75,191,77,40.3141361256544,114,9,1,500,0.629252740663743,0.0992458690528699,0.5039552163788,0.152428557005694,0.500829638473537,0.0908939318643578
715,"RS",TRUE,TRUE,0.75,191,77,40.3141361256544,114,4,3,500,0.678031965042288,0.110890031136912,0.430274026192643,0.166940551797133,0.54242821610657,0.106574003859356
716,"RS",TRUE,TRUE,0.75,191,77,40.3141361256544,114,9,3,500,0.632579768952001,0.0972399729872615,0.499873472904049,0.149732368741553,0.505827337396239,0.0886524392396381
717,"RS",TRUE,TRUE,0.75,191,77,40.3141361256544,114,4,5,500,0.679584384694983,0.109059039147666,0.428980060480459,0.16050224229054,0.542889255115691,0.10422548638232
718,"RS",TRUE,TRUE,0.75,191,77,40.3141361256544,114,9,5,500,0.640061203754606,0.102782483104645,0.487170495214408,0.156361794023576,0.511970578427471,0.0913542225195497
719,"RS",TRUE,TRUE,0.75,191,77,40.3141361256544,114,4,10,500,0.692838458066035,0.113594687721706,0.406753329022558,0.16629470225176,0.55591323178065,0.109915964616028
720,"RS",TRUE,TRUE,0.75,191,77,40.3141361256544,114,9,10,500,0.649024748696652,0.109985126975344,0.475130697727047,0.159732196305778,0.521792290833881,0.0996029047230456
721,"LOYO",TRUE,TRUE,1,191,93,48.6910994764398,98,4,1,100,1.30839276870055,0.794088836612907,-0.695346400286927,0.787387648267125,1.06594490106891,0.673298019133763
722,"LOYO",TRUE,TRUE,1,191,93,48.6910994764398,98,9,1,100,1.31479982409228,0.812792693598671,-0.691655177768359,0.786262084971613,1.04375783401829,0.711217857252319
723,"LOYO",TRUE,TRUE,1,191,93,48.6910994764398,98,4,3,100,1.36412391680147,0.827717154247212,-0.797635431880062,0.768367119914079,1.11952860316931,0.704223595872773
724,"LOYO",TRUE,TRUE,1,191,93,48.6910994764398,98,9,3,100,1.31128408408847,0.774034440302423,-0.707634687595464,0.758218377672633,1.04335225022747,0.69682473316033
725,"LOYO",TRUE,TRUE,1,191,93,48.6910994764398,98,4,5,100,1.33917042360718,0.774885276231231,-0.794121030997726,0.789075069187664,1.11245072423948,0.644864993698939
726,"LOYO",TRUE,TRUE,1,191,93,48.6910994764398,98,9,5,100,1.32964884926705,0.767941610201351,-0.758672749250076,0.7520959834352,1.04602407274518,0.685118138607611
727,"LOYO",TRUE,TRUE,1,191,93,48.6910994764398,98,4,10,100,1.38077549646125,0.793421601406976,-0.910733193049059,0.835667215767841,1.15011505767901,0.662420453896107
728,"LOYO",TRUE,TRUE,1,191,93,48.6910994764398,98,9,10,100,1.3537002199412,0.821183266133552,-0.820998416314375,0.854344733003369,1.08709877777765,0.733706460741757
729,"LOYO",TRUE,TRUE,1,191,93,48.6910994764398,98,4,1,300,1.32963384285739,0.784924229469925,-0.761964691059509,0.79306751854355,1.10387389570475,0.653973749934654
730,"LOYO",TRUE,TRUE,1,191,93,48.6910994764398,98,9,1,300,1.32513078768111,0.799594557458779,-0.727160465102575,0.774862849916684,1.04862499478334,0.710408099512267
731,"LOYO",TRUE,TRUE,1,191,93,48.6910994764398,98,4,3,300,1.33725343696011,0.797212758989566,-0.765260612038457,0.781909300035289,1.10108306853085,0.676968456432942
732,"LOYO",TRUE,TRUE,1,191,93,48.6910994764398,98,9,3,300,1.32035759491497,0.827647110333093,-0.702431827777022,0.810255814350008,1.04523701184069,0.742207207085513
733,"LOYO",TRUE,TRUE,1,191,93,48.6910994764398,98,4,5,300,1.31711010446674,0.785026000353692,-0.735254992503688,0.805811187413333,1.08659880296018,0.652583440578895
734,"LOYO",TRUE,TRUE,1,191,93,48.6910994764398,98,9,5,300,1.32137534545517,0.814413273856789,-0.718919768742951,0.808096449538665,1.04169434356106,0.719291938908063
735,"LOYO",TRUE,TRUE,1,191,93,48.6910994764398,98,4,10,300,1.34891785422899,0.774988294966948,-0.821236822616602,0.79183727288252,1.11891223065999,0.645855291842694
736,"LOYO",TRUE,TRUE,1,191,93,48.6910994764398,98,9,10,300,1.32011995451497,0.807421711181798,-0.71934218741525,0.801121288548777,1.0532122845528,0.706008942171413
737,"LOYO",TRUE,TRUE,1,191,93,48.6910994764398,98,4,1,500,1.32486588636794,0.778626081155324,-0.750593560405916,0.783362814858683,1.08362603568283,0.656420557151918
738,"LOYO",TRUE,TRUE,1,191,93,48.6910994764398,98,9,1,500,1.33149674823393,0.80744053504914,-0.733481321762272,0.770562308980365,1.05281596516104,0.715360946184689
739,"LOYO",TRUE,TRUE,1,191,93,48.6910994764398,98,4,3,500,1.32917704293917,0.785917624399909,-0.776603723518438,0.829113490886534,1.10173429426683,0.662502972124744
740,"LOYO",TRUE,TRUE,1,191,93,48.6910994764398,98,9,3,500,1.31998530097735,0.788569975620299,-0.696767241551198,0.717898177769082,1.04007338013233,0.700074623055114
741,"LOYO",TRUE,TRUE,1,191,93,48.6910994764398,98,4,5,500,1.33030151604936,0.786858405801387,-0.779238890622183,0.830214404044689,1.09093002966691,0.663353821564155
742,"LOYO",TRUE,TRUE,1,191,93,48.6910994764398,98,9,5,500,1.3115694775792,0.79929434666356,-0.67023830602731,0.733829312138539,1.03705318059296,0.705240254433327
743,"LOYO",TRUE,TRUE,1,191,93,48.6910994764398,98,4,10,500,1.33462536453819,0.77860565321782,-0.794369850694764,0.823727733738005,1.10241852108112,0.647689458118612
744,"LOYO",TRUE,TRUE,1,191,93,48.6910994764398,98,9,10,500,1.33169316645946,0.819086858612294,-0.740428993771414,0.807217373314616,1.0606505078798,0.718787947527067
745,"RS",TRUE,TRUE,1,191,93,48.6910994764398,98,4,1,100,0.769682220986411,0.149249292793557,0.389390873741796,0.109269461548425,0.601916741477047,0.118379383390842
746,"RS",TRUE,TRUE,1,191,93,48.6910994764398,98,9,1,100,0.749792807370342,0.173178217251354,0.425470305200642,0.121452959965598,0.575413019234856,0.132996806950213
747,"RS",TRUE,TRUE,1,191,93,48.6910994764398,98,4,3,100,0.773845370250767,0.166399031852455,0.383449335207237,0.126390061212746,0.599983564120394,0.123982970995731
748,"RS",TRUE,TRUE,1,191,93,48.6910994764398,98,9,3,100,0.749225846754402,0.158021794011622,0.41898657916837,0.133794717735746,0.576280301736586,0.12934927715854
749,"RS",TRUE,TRUE,1,191,93,48.6910994764398,98,4,5,100,0.78306344240977,0.166377573215286,0.365021890936969,0.152144527867379,0.606250225504429,0.128702211695127
750,"RS",TRUE,TRUE,1,191,93,48.6910994764398,98,9,5,100,0.758224576352406,0.166574192744303,0.404176850000229,0.144634877777395,0.582558662835059,0.126157706335884
751,"RS",TRUE,TRUE,1,191,93,48.6910994764398,98,4,10,100,0.775443876665458,0.148414591951104,0.379521165334678,0.111774727484547,0.606452971800104,0.117249943910465
752,"RS",TRUE,TRUE,1,191,93,48.6910994764398,98,9,10,100,0.76471476500897,0.164881275181969,0.398537190969716,0.125660622929038,0.590471086896704,0.127180542007198
753,"RS",TRUE,TRUE,1,191,93,48.6910994764398,98,4,1,300,0.769003202428296,0.15532194441438,0.391988359851045,0.111904506323389,0.601906240753777,0.12479154012139
754,"RS",TRUE,TRUE,1,191,93,48.6910994764398,98,9,1,300,0.744806096067081,0.16561671819332,0.431169578443948,0.119081797049742,0.575675074946829,0.130236779619652
755,"RS",TRUE,TRUE,1,191,93,48.6910994764398,98,4,3,300,0.773233204043584,0.15941710132061,0.384849668242044,0.116397526081949,0.599047604228266,0.12309599265823
756,"RS",TRUE,TRUE,1,191,93,48.6910994764398,98,9,3,300,0.744996602980625,0.158861023693501,0.42823691496953,0.119210831508095,0.573832972751033,0.12362485757215
757,"RS",TRUE,TRUE,1,191,93,48.6910994764398,98,4,5,300,0.77279972442469,0.164941918009931,0.385691932722054,0.128287831237684,0.60310172934411,0.129058140389985
758,"RS",TRUE,TRUE,1,191,93,48.6910994764398,98,9,5,300,0.754945890266201,0.168746048143553,0.410897851333678,0.141217364693216,0.579899214622619,0.130016664210235
759,"RS",TRUE,TRUE,1,191,93,48.6910994764398,98,4,10,300,0.773575962658107,0.150139319499112,0.380468329236863,0.122514685911364,0.605533538881131,0.120237315011755
760,"RS",TRUE,TRUE,1,191,93,48.6910994764398,98,9,10,300,0.766828668069852,0.157105572013226,0.393131750273826,0.125499985343496,0.592765329993094,0.123815909756959
761,"RS",TRUE,TRUE,1,191,93,48.6910994764398,98,4,1,500,0.767298678588241,0.155664287285106,0.395095338272178,0.109877162598735,0.599522227184267,0.122500794255288
762,"RS",TRUE,TRUE,1,191,93,48.6910994764398,98,9,1,500,0.744796530026779,0.159281242542087,0.429893281819005,0.115940806921904,0.576442803852338,0.124466290099289
763,"RS",TRUE,TRUE,1,191,93,48.6910994764398,98,4,3,500,0.773304733216055,0.162362887386928,0.385872403005818,0.116679597081125,0.601294846357857,0.124334984009
764,"RS",TRUE,TRUE,1,191,93,48.6910994764398,98,9,3,500,0.746052267328022,0.157055394080179,0.426263357841169,0.120056127316877,0.575026420544156,0.124316170964737
765,"RS",TRUE,TRUE,1,191,93,48.6910994764398,98,4,5,500,0.770976931215043,0.159732835345153,0.387300871596302,0.127208278123906,0.600664494755417,0.125161859139255
766,"RS",TRUE,TRUE,1,191,93,48.6910994764398,98,9,5,500,0.754890051272279,0.166425567805995,0.412027638803573,0.134459819832999,0.579831006016251,0.130108611870572
767,"RS",TRUE,TRUE,1,191,93,48.6910994764398,98,4,10,500,0.778176149681989,0.14984579765028,0.373153708615718,0.12144447453718,0.607955545959037,0.118434018571408
768,"RS",TRUE,TRUE,1,191,93,48.6910994764398,98,9,10,500,0.764479956504741,0.15539346669006,0.396818618889903,0.123010888612098,0.59215502804556,0.123051508699723
